YR,PROGRAM,STUDY,DESCRIPTION,DESIGN,LOC,ID,TYPE,REP,BLOCK,PLOT,ROW,COL,TW,YLD,HT,NOTES
2014,University of Nebraska,YldQtl-Val_2014_Sidney,"Yield QTL Validation, Yield QTL Validation,",CRD,"Sidney, NE",11_26,plot,1,16,2158,16,8,842,4613,78,
2014,University of Nebraska,YldQtl-Val_2014_Sidney,"Yield QTL Validation, Yield QTL Validation,",CRD,"Sidney, NE",11_73,plot,1,16,2157,16,7,842,4069,82,
2014,University of Nebraska,YldQtl-Val_2014_Sidney,"Yield QTL Validation, Yield QTL Validation,",CRD,"Sidney, NE",13_13,plot,1,11,2101,11,1,839,5111,78,
2014,University of Nebraska,YldQtl-Val_2014_Sidney,"Yield QTL Validation, Yield QTL Validation,",CRD,"Sidney, NE",13_59,plot,1,11,2102,11,2,830,5252,80,
2014,University of Nebraska,YldQtl-Val_2014_Sidney,"Yield QTL Validation, Yield QTL Validation,",CRD,"Sidney, NE",14_10,plot,1,6,2058,6,8,773,4022,68,
2014,University of Nebraska,YldQtl-Val_2014_Sidney,"Yield QTL Validation, Yield QTL Validation,",CRD,"Sidney, NE",14_2,plot,1,6,2059,6,9,813,4365,76,
2014,University of Nebraska,YldQtl-Val_2014_Sidney,"Yield QTL Validation, Yield QTL Validation,",CRD,"Sidney, NE",14_22,plot,1,6,2051,6,1,750,4943,79,
2014,University of Nebraska,YldQtl-Val_2014_Sidney,"Yield QTL Validation, Yield QTL Validation,",CRD,"Sidney, NE",14_23,plot,1,6,2053,6,3,828,5467,80,
2014,University of Nebraska,YldQtl-Val_2014_Sidney,"Yield QTL Validation, Yield QTL Validation,",CRD,"Sidney, NE",14_31,plot,1,6,2056,6,6,812,4358,66,
2014,University of Nebraska,YldQtl-Val_2014_Sidney,"Yield QTL Validation, Yield QTL Validation,",CRD,"Sidney, NE",14_65,plot,1,6,2054,6,4,808,5360,80,
2014,University of Nebraska,YldQtl-Val_2014_Sidney,"Yield QTL Validation, Yield QTL Validation,",CRD,"Sidney, NE",14_66,plot,1,6,2052,6,2,822,4237,78,
2014,University of Nebraska,YldQtl-Val_2014_Sidney,"Yield QTL Validation, Yield QTL Validation,",CRD,"Sidney, NE",14_71,plot,1,6,2060,6,10,797,4270,76,
2014,University of Nebraska,YldQtl-Val_2014_Sidney,"Yield QTL Validation, Yield QTL Validation,",CRD,"Sidney, NE",14_83,plot,1,6,2057,6,7,806,4472,74,
2014,University of Nebraska,YldQtl-Val_2014_Sidney,"Yield QTL Validation, Yield QTL Validation,",CRD,"Sidney, NE",14_88,plot,1,6,2055,6,5,819,4627,80,
2014,University of Nebraska,YldQtl-Val_2014_Sidney,"Yield QTL Validation, Yield QTL Validation,",CRD,"Sidney, NE",15_18,plot,1,19,2186,19,6,842,4190,78,
2014,University of Nebraska,YldQtl-Val_2014_Sidney,"Yield QTL Validation, Yield QTL Validation,",CRD,"Sidney, NE",15_44,plot,1,19,2185,19,5,828,4546,76,
2014,University of Nebraska,YldQtl-Val_2014_Sidney,"Yield QTL Validation, Yield QTL Validation,",CRD,"Sidney, NE",4_12,plot,1,16,2159,16,9,821,4963,80,
2014,University of Nebraska,YldQtl-Val_2014_Sidney,"Yield QTL Validation, Yield QTL Validation,",CRD,"Sidney, NE",4_19,plot,1,16,2160,16,10,771,3806,62,
2014,University of Nebraska,YldQtl-Val_2014_Sidney,"Yield QTL Validation, Yield QTL Validation,",CRD,"Sidney, NE",7_101,plot,1,12,2120,12,10,813,4842,80,
2014,University of Nebraska,YldQtl-Val_2014_Sidney,"Yield QTL Validation, Yield QTL Validation,",CRD,"Sidney, NE",7_105,plot,1,12,2114,12,4,820,4170,78,
2014,University of Nebraska,YldQtl-Val_2014_Sidney,"Yield QTL Validation, Yield QTL Validation,",CRD,"Sidney, NE",7_11,plot,1,12,2113,12,3,815,5057,82,
2014,University of Nebraska,YldQtl-Val_2014_Sidney,"Yield QTL Validation, Yield QTL Validation,",CRD,"Sidney, NE",7_140,plot,1,12,2116,12,6,803,5131,88,
2014,University of Nebraska,YldQtl-Val_2014_Sidney,"Yield QTL Validation, Yield QTL Validation,",CRD,"Sidney, NE",7_29,plot,1,12,2117,12,7,807,5515,94,
2014,University of Nebraska,YldQtl-Val_2014_Sidney,"Yield QTL Validation, Yield QTL Validation,",CRD,"Sidney, NE",7_45,plot,1,12,2115,12,5,804,4842,86,
2014,University of Nebraska,YldQtl-Val_2014_Sidney,"Yield QTL Validation, Yield QTL Validation,",CRD,"Sidney, NE",7_55,plot,1,12,2119,12,9,792,4526,90,
2014,University of Nebraska,YldQtl-Val_2014_Sidney,"Yield QTL Validation, Yield QTL Validation,",CRD,"Sidney, NE",7_61,plot,1,12,2111,12,1,839,4963,80,
2014,University of Nebraska,YldQtl-Val_2014_Sidney,"Yield QTL Validation, Yield QTL Validation,",CRD,"Sidney, NE",7_86,plot,1,12,2112,12,2,824,4788,78,
2014,University of Nebraska,YldQtl-Val_2014_Sidney,"Yield QTL Validation, Yield QTL Validation,",CRD,"Sidney, NE",7_9,plot,1,12,2118,12,8,807,4512,78,
2014,University of Nebraska,YldQtl-Val_2014_Sidney,"Yield QTL Validation, Yield QTL Validation,",CRD,"Sidney, NE",CO11D1111,plot,1,9,2087,9,7,822,4822,84,
2014,University of Nebraska,YldQtl-Val_2014_Sidney,"Yield QTL Validation, Yield QTL Validation,",CRD,"Sidney, NE",CO11D1119,plot,1,9,2089,9,9,759,5367,86,
2014,University of Nebraska,YldQtl-Val_2014_Sidney,"Yield QTL Validation, Yield QTL Validation,",CRD,"Sidney, NE",CO11D1125,plot,1,9,2090,9,10,784,6066,88,
2014,University of Nebraska,YldQtl-Val_2014_Sidney,"Yield QTL Validation, Yield QTL Validation,",CRD,"Sidney, NE",CO11D1127,plot,1,9,2088,9,8,793,4943,82,
2014,University of Nebraska,YldQtl-Val_2014_Sidney,"Yield QTL Validation, Yield QTL Validation,",CRD,"Sidney, NE",CO11D1140,plot,1,13,2121,13,1,810,5326,86,
2014,University of Nebraska,YldQtl-Val_2014_Sidney,"Yield QTL Validation, Yield QTL Validation,",CRD,"Sidney, NE",CO11D1156,plot,1,11,2109,11,9,838,6200,92,
2014,University of Nebraska,YldQtl-Val_2014_Sidney,"Yield QTL Validation, Yield QTL Validation,",CRD,"Sidney, NE",CO11D1159,plot,1,11,2110,11,10,826,5972,84,
2014,University of Nebraska,YldQtl-Val_2014_Sidney,"Yield QTL Validation, Yield QTL Validation,",CRD,"Sidney, NE",CO11D1174,plot,1,19,2190,19,10,757,3167,74,
2014,University of Nebraska,YldQtl-Val_2014_Sidney,"Yield QTL Validation, Yield QTL Validation,",CRD,"Sidney, NE",CO11D1182,plot,1,19,2187,19,7,820,3847,74,
2014,University of Nebraska,YldQtl-Val_2014_Sidney,"Yield QTL Validation, Yield QTL Validation,",CRD,"Sidney, NE",CO11D1186,plot,1,19,2188,19,8,811,3880,76,
2014,University of Nebraska,YldQtl-Val_2014_Sidney,"Yield QTL Validation, Yield QTL Validation,",CRD,"Sidney, NE",CO11D1190,plot,1,19,2189,19,9,826,4943,84,
2014,University of Nebraska,YldQtl-Val_2014_Sidney,"Yield QTL Validation, Yield QTL Validation,",CRD,"Sidney, NE",CO11D1213,plot,1,8,2076,8,6,785,4929,72,
2014,University of Nebraska,YldQtl-Val_2014_Sidney,"Yield QTL Validation, Yield QTL Validation,",CRD,"Sidney, NE",CO11D1219,plot,1,9,2081,9,1,797,4277,90,
2014,University of Nebraska,YldQtl-Val_2014_Sidney,"Yield QTL Validation, Yield QTL Validation,",CRD,"Sidney, NE",CO11D1221,plot,1,9,2082,9,2,782,5158,85,
2014,University of Nebraska,YldQtl-Val_2014_Sidney,"Yield QTL Validation, Yield QTL Validation,",CRD,"Sidney, NE",CO11D1231,plot,1,8,2075,8,5,811,4869,88,
2014,University of Nebraska,YldQtl-Val_2014_Sidney,"Yield QTL Validation, Yield QTL Validation,",CRD,"Sidney, NE",CO11D1236,plot,1,13,2128,13,8,803,5615,86,
2014,University of Nebraska,YldQtl-Val_2014_Sidney,"Yield QTL Validation, Yield QTL Validation,",CRD,"Sidney, NE",CO11D1240,plot,1,13,2127,13,7,755,3665,70,
2014,University of Nebraska,YldQtl-Val_2014_Sidney,"Yield QTL Validation, Yield QTL Validation,",CRD,"Sidney, NE",CO11D1248,plot,1,13,2129,13,9,840,5562,88,
2014,University of Nebraska,YldQtl-Val_2014_Sidney,"Yield QTL Validation, Yield QTL Validation,",CRD,"Sidney, NE",CO11D1268,plot,1,13,2130,13,10,828,5064,84,
2014,University of Nebraska,YldQtl-Val_2014_Sidney,"Yield QTL Validation, Yield QTL Validation,",CRD,"Sidney, NE",CO11D1287,plot,1,8,2074,8,4,795,4371,82,
2014,University of Nebraska,YldQtl-Val_2014_Sidney,"Yield QTL Validation, Yield QTL Validation,",CRD,"Sidney, NE",CO11D1298,plot,1,8,2073,8,3,820,5219,84,
2014,University of Nebraska,YldQtl-Val_2014_Sidney,"Yield QTL Validation, Yield QTL Validation,",CRD,"Sidney, NE",CO11D1302W,plot,1,8,2071,8,1,831,4822,76,
2014,University of Nebraska,YldQtl-Val_2014_Sidney,"Yield QTL Validation, Yield QTL Validation,",CRD,"Sidney, NE",CO11D1312,plot,1,8,2072,8,2,816,5346,74,
2014,University of Nebraska,YldQtl-Val_2014_Sidney,"Yield QTL Validation, Yield QTL Validation,",CRD,"Sidney, NE",CO11D1315W,plot,1,10,2094,10,4,819,5474,98,
2014,University of Nebraska,YldQtl-Val_2014_Sidney,"Yield QTL Validation, Yield QTL Validation,",CRD,"Sidney, NE",CO11D1316W,plot,1,10,2096,10,6,806,5683,86,
2014,University of Nebraska,YldQtl-Val_2014_Sidney,"Yield QTL Validation, Yield QTL Validation,",CRD,"Sidney, NE",CO11D1322,plot,1,10,2095,10,5,815,5165,86,
2014,University of Nebraska,YldQtl-Val_2014_Sidney,"Yield QTL Validation, Yield QTL Validation,",CRD,"Sidney, NE",CO11D1341,plot,1,10,2093,10,3,831,5622,90,
2014,University of Nebraska,YldQtl-Val_2014_Sidney,"Yield QTL Validation, Yield QTL Validation,",CRD,"Sidney, NE",CO11D1353,plot,1,9,2086,9,6,806,6160,90,
2014,University of Nebraska,YldQtl-Val_2014_Sidney,"Yield QTL Validation, Yield QTL Validation,",CRD,"Sidney, NE",CO11D1371,plot,1,9,2085,9,5,801,5326,88,
2014,University of Nebraska,YldQtl-Val_2014_Sidney,"Yield QTL Validation, Yield QTL Validation,",CRD,"Sidney, NE",CO11D1380,plot,1,9,2083,9,3,807,4977,82,
2014,University of Nebraska,YldQtl-Val_2014_Sidney,"Yield QTL Validation, Yield QTL Validation,",CRD,"Sidney, NE",CO11D1397,plot,1,9,2084,9,4,804,5003,73,
2014,University of Nebraska,YldQtl-Val_2014_Sidney,"Yield QTL Validation, Yield QTL Validation,",CRD,"Sidney, NE",CO11D1409,plot,1,15,2145,15,5,803,5878,90,
2014,University of Nebraska,YldQtl-Val_2014_Sidney,"Yield QTL Validation, Yield QTL Validation,",CRD,"Sidney, NE",CO11D1414,plot,1,15,2143,15,3,830,6005,85,
2014,University of Nebraska,YldQtl-Val_2014_Sidney,"Yield QTL Validation, Yield QTL Validation,",CRD,"Sidney, NE",CO11D1418,plot,1,15,2144,15,4,830,5481,80,
2014,University of Nebraska,YldQtl-Val_2014_Sidney,"Yield QTL Validation, Yield QTL Validation,",CRD,"Sidney, NE",CO11D1431,plot,1,15,2146,15,6,786,4627,80,
2014,University of Nebraska,YldQtl-Val_2014_Sidney,"Yield QTL Validation, Yield QTL Validation,",CRD,"Sidney, NE",CO11D1539,plot,1,10,2098,10,8,812,6194,88,
2014,University of Nebraska,YldQtl-Val_2014_Sidney,"Yield QTL Validation, Yield QTL Validation,",CRD,"Sidney, NE",CO11D1542,plot,1,10,2097,10,7,792,5777,87,
2014,University of Nebraska,YldQtl-Val_2014_Sidney,"Yield QTL Validation, Yield QTL Validation,",CRD,"Sidney, NE",CO11D1543,plot,1,10,2100,10,10,812,5501,96,
2014,University of Nebraska,YldQtl-Val_2014_Sidney,"Yield QTL Validation, Yield QTL Validation,",CRD,"Sidney, NE",CO11D1545,plot,1,10,2099,10,9,824,6167,90,
2014,University of Nebraska,YldQtl-Val_2014_Sidney,"Yield QTL Validation, Yield QTL Validation,",CRD,"Sidney, NE",CO11D1555W,plot,1,7,2067,7,7,846,5299,84,
2014,University of Nebraska,YldQtl-Val_2014_Sidney,"Yield QTL Validation, Yield QTL Validation,",CRD,"Sidney, NE",CO11D1559,plot,1,7,2065,7,5,831,4876,86,
2014,University of Nebraska,YldQtl-Val_2014_Sidney,"Yield QTL Validation, Yield QTL Validation,",CRD,"Sidney, NE",CO11D1584,plot,1,7,2066,7,6,811,4600,92,
2014,University of Nebraska,YldQtl-Val_2014_Sidney,"Yield QTL Validation, Yield QTL Validation,",CRD,"Sidney, NE",CO11D1600W,plot,1,7,2068,7,8,831,5676,92,
2014,University of Nebraska,YldQtl-Val_2014_Sidney,"Yield QTL Validation, Yield QTL Validation,",CRD,"Sidney, NE",CO11D1615,plot,1,11,2103,11,3,816,4835,78,
2014,University of Nebraska,YldQtl-Val_2014_Sidney,"Yield QTL Validation, Yield QTL Validation,",CRD,"Sidney, NE",CO11D1620,plot,1,11,2104,11,4,780,5030,76,
2014,University of Nebraska,YldQtl-Val_2014_Sidney,"Yield QTL Validation, Yield QTL Validation,",CRD,"Sidney, NE",CO11D1631,plot,1,11,2105,11,5,775,5293,78,
2014,University of Nebraska,YldQtl-Val_2014_Sidney,"Yield QTL Validation, Yield QTL Validation,",CRD,"Sidney, NE",CO11D1633,plot,1,11,2106,11,6,793,5192,90,
2014,University of Nebraska,YldQtl-Val_2014_Sidney,"Yield QTL Validation, Yield QTL Validation,",CRD,"Sidney, NE",CO11D1642,plot,1,1,2008,1,8,776,4822,80,
2014,University of Nebraska,YldQtl-Val_2014_Sidney,"Yield QTL Validation, Yield QTL Validation,",CRD,"Sidney, NE",CO11D1644,plot,1,1,2010,1,10,768,3981,70,
2014,University of Nebraska,YldQtl-Val_2014_Sidney,"Yield QTL Validation, Yield QTL Validation,",CRD,"Sidney, NE",CO11D1645,plot,1,1,2009,1,9,797,3806,74,
2014,University of Nebraska,YldQtl-Val_2014_Sidney,"Yield QTL Validation, Yield QTL Validation,",CRD,"Sidney, NE",CO11D1647,plot,1,1,2007,1,7,833,5393,74,
2014,University of Nebraska,YldQtl-Val_2014_Sidney,"Yield QTL Validation, Yield QTL Validation,",CRD,"Sidney, NE",CO11D1654,plot,1,20,2198,20,8,767,4230,72,
2014,University of Nebraska,YldQtl-Val_2014_Sidney,"Yield QTL Validation, Yield QTL Validation,",CRD,"Sidney, NE",CO11D1656,plot,1,20,2195,20,5,792,3073,70,
2014,University of Nebraska,YldQtl-Val_2014_Sidney,"Yield QTL Validation, Yield QTL Validation,",CRD,"Sidney, NE",CO11D1657,plot,1,20,2197,20,7,781,4708,72,
2014,University of Nebraska,YldQtl-Val_2014_Sidney,"Yield QTL Validation, Yield QTL Validation,",CRD,"Sidney, NE",CO11D1665,plot,1,20,2196,20,6,754,3322,66,
2014,University of Nebraska,YldQtl-Val_2014_Sidney,"Yield QTL Validation, Yield QTL Validation,",CRD,"Sidney, NE",CO11D1686,plot,1,8,2078,8,8,785,5777,80,
2014,University of Nebraska,YldQtl-Val_2014_Sidney,"Yield QTL Validation, Yield QTL Validation,",CRD,"Sidney, NE",CO11D1715,plot,1,8,2079,8,9,803,5232,84,
2014,University of Nebraska,YldQtl-Val_2014_Sidney,"Yield QTL Validation, Yield QTL Validation,",CRD,"Sidney, NE",CO11D1731,plot,1,8,2077,8,7,776,4089,72,
2014,University of Nebraska,YldQtl-Val_2014_Sidney,"Yield QTL Validation, Yield QTL Validation,",CRD,"Sidney, NE",CO11D1746,plot,1,8,2080,8,10,844,5178,80,
2014,University of Nebraska,YldQtl-Val_2014_Sidney,"Yield QTL Validation, Yield QTL Validation,",CRD,"Sidney, NE",CO11D1758W,plot,1,1,2004,1,4,794,4439,76,
2014,University of Nebraska,YldQtl-Val_2014_Sidney,"Yield QTL Validation, Yield QTL Validation,",CRD,"Sidney, NE",CO11D1767,plot,1,1,2002,1,2,795,5972,78,
2014,University of Nebraska,YldQtl-Val_2014_Sidney,"Yield QTL Validation, Yield QTL Validation,",CRD,"Sidney, NE",CO11D1789,plot,1,1,2003,1,3,790,5528,80,
2014,University of Nebraska,YldQtl-Val_2014_Sidney,"Yield QTL Validation, Yield QTL Validation,",CRD,"Sidney, NE",CO11D1799,plot,1,1,2001,1,1,750,4963,80,
2014,University of Nebraska,YldQtl-Val_2014_Sidney,"Yield QTL Validation, Yield QTL Validation,",CRD,"Sidney, NE",CT103,plot,1,22,3113,22,3,808,2939,60,
2014,University of Nebraska,YldQtl-Val_2014_Sidney,"Yield QTL Validation, Yield QTL Validation,",CRD,"Sidney, NE",CT110,plot,1,21,3110,21,10,677,2663,50,
2014,University of Nebraska,YldQtl-Val_2014_Sidney,"Yield QTL Validation, Yield QTL Validation,",CRD,"Sidney, NE",CT111,plot,1,21,3106,21,6,703,2690,66,
2014,University of Nebraska,YldQtl-Val_2014_Sidney,"Yield QTL Validation, Yield QTL Validation,",CRD,"Sidney, NE",CT112,plot,1,22,3115,22,5,745,2152,73,
2014,University of Nebraska,YldQtl-Val_2014_Sidney,"Yield QTL Validation, Yield QTL Validation,",CRD,"Sidney, NE",CT115,plot,1,22,3111,22,1,677,1863,66,
2014,University of Nebraska,YldQtl-Val_2014_Sidney,"Yield QTL Validation, Yield QTL Validation,",CRD,"Sidney, NE",CT125,plot,1,22,3114,22,4,750,1439,68,
2014,University of Nebraska,YldQtl-Val_2014_Sidney,"Yield QTL Validation, Yield QTL Validation,",CRD,"Sidney, NE",CT135,plot,1,21,3109,21,9,713,2421,62,
2014,University of Nebraska,YldQtl-Val_2014_Sidney,"Yield QTL Validation, Yield QTL Validation,",CRD,"Sidney, NE",CT154,plot,1,21,3101,21,1,709,2643,68,
2014,University of Nebraska,YldQtl-Val_2014_Sidney,"Yield QTL Validation, Yield QTL Validation,",CRD,"Sidney, NE",CT163,plot,1,22,3117,22,7,745,2744,70,
2014,University of Nebraska,YldQtl-Val_2014_Sidney,"Yield QTL Validation, Yield QTL Validation,",CRD,"Sidney, NE",CT185,plot,1,22,3116,22,6,743,2683,68,
2014,University of Nebraska,YldQtl-Val_2014_Sidney,"Yield QTL Validation, Yield QTL Validation,",CRD,"Sidney, NE",CT194,plot,1,22,3119,22,9,761,3403,74,
2014,University of Nebraska,YldQtl-Val_2014_Sidney,"Yield QTL Validation, Yield QTL Validation,",CRD,"Sidney, NE",CT199,plot,1,22,3112,22,2,677,2320,68,
2014,University of Nebraska,YldQtl-Val_2014_Sidney,"Yield QTL Validation, Yield QTL Validation,",CRD,"Sidney, NE",CT213,plot,1,21,3107,21,7,752,2717,66,
2014,University of Nebraska,YldQtl-Val_2014_Sidney,"Yield QTL Validation, Yield QTL Validation,",CRD,"Sidney, NE",CT224,plot,1,22,3120,22,10,748,1742,74,
2014,University of Nebraska,YldQtl-Val_2014_Sidney,"Yield QTL Validation, Yield QTL Validation,",CRD,"Sidney, NE",CT237,plot,1,21,3102,21,2,748,3046,66,
2014,University of Nebraska,YldQtl-Val_2014_Sidney,"Yield QTL Validation, Yield QTL Validation,",CRD,"Sidney, NE",CT30,plot,1,22,3118,22,8,750,1675,64,
2014,University of Nebraska,YldQtl-Val_2014_Sidney,"Yield QTL Validation, Yield QTL Validation,",CRD,"Sidney, NE",CT38,plot,1,21,3104,21,4,750,2091,72,
2014,University of Nebraska,YldQtl-Val_2014_Sidney,"Yield QTL Validation, Yield QTL Validation,",CRD,"Sidney, NE",CT64,plot,1,21,3103,21,3,752,1977,58,
2014,University of Nebraska,YldQtl-Val_2014_Sidney,"Yield QTL Validation, Yield QTL Validation,",CRD,"Sidney, NE",CT69,plot,1,21,3105,21,5,744,2804,88,
2014,University of Nebraska,YldQtl-Val_2014_Sidney,"Yield QTL Validation, Yield QTL Validation,",CRD,"Sidney, NE",CT95,plot,1,21,3108,21,8,750,2428,56,
2014,University of Nebraska,YldQtl-Val_2014_Sidney,"Yield QTL Validation, Yield QTL Validation,",CRD,"Sidney, NE",GOODSYN12,plot,1,15,2142,15,2,804,4432,98,
2014,University of Nebraska,YldQtl-Val_2014_Sidney,"Yield QTL Validation, Yield QTL Validation,",CRD,"Sidney, NE",GOODSYN17,plot,1,15,2141,15,1,820,4546,101,
2014,University of Nebraska,YldQtl-Val_2014_Sidney,"Yield QTL Validation, Yield QTL Validation,",CRD,"Sidney, NE",GOODSYN23,plot,1,5,2041,5,1,750,4970,100,
2014,University of Nebraska,YldQtl-Val_2014_Sidney,"Yield QTL Validation, Yield QTL Validation,",CRD,"Sidney, NE",GOODSYN28,plot,1,5,2042,5,2,808,5010,96,
2014,University of Nebraska,YldQtl-Val_2014_Sidney,"Yield QTL Validation, Yield QTL Validation,",CRD,"Sidney, NE",GOODSYN35,plot,1,1,2005,1,5,794,4741,90,
2014,University of Nebraska,YldQtl-Val_2014_Sidney,"Yield QTL Validation, Yield QTL Validation,",CRD,"Sidney, NE",GOODSYN37,plot,1,1,2006,1,6,759,4519,100,
2014,University of Nebraska,YldQtl-Val_2014_Sidney,"Yield QTL Validation, Yield QTL Validation,",CRD,"Sidney, NE",GOODSYN43,plot,1,7,2062,7,2,795,4270,98,
2014,University of Nebraska,YldQtl-Val_2014_Sidney,"Yield QTL Validation, Yield QTL Validation,",CRD,"Sidney, NE",GOODSYN44,plot,1,7,2061,7,1,694,3705,104,
2014,University of Nebraska,YldQtl-Val_2014_Sidney,"Yield QTL Validation, Yield QTL Validation,",CRD,"Sidney, NE",GOODSYN5,plot,1,14,2135,14,5,811,5508,110,
2014,University of Nebraska,YldQtl-Val_2014_Sidney,"Yield QTL Validation, Yield QTL Validation,",CRD,"Sidney, NE",GOODSYN51,plot,1,4,2034,4,4,812,3860,88,
2014,University of Nebraska,YldQtl-Val_2014_Sidney,"Yield QTL Validation, Yield QTL Validation,",CRD,"Sidney, NE",GOODSYN58,plot,1,4,2033,4,3,797,4425,102,
2014,University of Nebraska,YldQtl-Val_2014_Sidney,"Yield QTL Validation, Yield QTL Validation,",CRD,"Sidney, NE",GOODSYN61,plot,1,19,2184,19,4,721,3221,85,
2014,University of Nebraska,YldQtl-Val_2014_Sidney,"Yield QTL Validation, Yield QTL Validation,",CRD,"Sidney, NE",GOODSYN62,plot,1,19,2183,19,3,779,3430,84,
2014,University of Nebraska,YldQtl-Val_2014_Sidney,"Yield QTL Validation, Yield QTL Validation,",CRD,"Sidney, NE",GOODSYN72,plot,1,20,2194,20,4,750,5024,86,
2014,University of Nebraska,YldQtl-Val_2014_Sidney,"Yield QTL Validation, Yield QTL Validation,",CRD,"Sidney, NE",GOODSYN8,plot,1,14,2136,14,6,802,4849,107,
2014,University of Nebraska,YldQtl-Val_2014_Sidney,"Yield QTL Validation, Yield QTL Validation,",CRD,"Sidney, NE",GOODSYN80,plot,1,20,2193,20,3,810,3887,96,
2014,University of Nebraska,YldQtl-Val_2014_Sidney,"Yield QTL Validation, Yield QTL Validation,",CRD,"Sidney, NE",GOODSYN82,plot,1,7,2063,7,3,831,4654,96,
2014,University of Nebraska,YldQtl-Val_2014_Sidney,"Yield QTL Validation, Yield QTL Validation,",CRD,"Sidney, NE",GOODSYN88,plot,1,7,2064,7,4,822,5246,98,
2014,University of Nebraska,YldQtl-Val_2014_Sidney,"Yield QTL Validation, Yield QTL Validation,",CRD,"Sidney, NE",HW_124,plot,1,2,2012,2,2,808,4533,82,
2014,University of Nebraska,YldQtl-Val_2014_Sidney,"Yield QTL Validation, Yield QTL Validation,",CRD,"Sidney, NE",HW_132,plot,1,3,2023,3,3,741,3450,84,
2014,University of Nebraska,YldQtl-Val_2014_Sidney,"Yield QTL Validation, Yield QTL Validation,",CRD,"Sidney, NE",HW_133,plot,1,3,2029,3,9,766,4412,70,
2014,University of Nebraska,YldQtl-Val_2014_Sidney,"Yield QTL Validation, Yield QTL Validation,",CRD,"Sidney, NE",HW_141,plot,1,2,2011,2,1,709,4223,74,
2014,University of Nebraska,YldQtl-Val_2014_Sidney,"Yield QTL Validation, Yield QTL Validation,",CRD,"Sidney, NE",HW_155,plot,1,3,2021,3,1,750,4620,96,
2014,University of Nebraska,YldQtl-Val_2014_Sidney,"Yield QTL Validation, Yield QTL Validation,",CRD,"Sidney, NE",HW_174,plot,1,3,2025,3,5,750,3248,74,
2014,University of Nebraska,YldQtl-Val_2014_Sidney,"Yield QTL Validation, Yield QTL Validation,",CRD,"Sidney, NE",HW_175,plot,1,2,2015,2,5,775,4223,78,
2014,University of Nebraska,YldQtl-Val_2014_Sidney,"Yield QTL Validation, Yield QTL Validation,",CRD,"Sidney, NE",HW_182,plot,1,2,2016,2,6,754,4324,78,
2014,University of Nebraska,YldQtl-Val_2014_Sidney,"Yield QTL Validation, Yield QTL Validation,",CRD,"Sidney, NE",HW_237,plot,1,2,2018,2,8,782,3759,80,
2014,University of Nebraska,YldQtl-Val_2014_Sidney,"Yield QTL Validation, Yield QTL Validation,",CRD,"Sidney, NE",HW_240,plot,1,3,2026,3,6,792,4398,82,
2014,University of Nebraska,YldQtl-Val_2014_Sidney,"Yield QTL Validation, Yield QTL Validation,",CRD,"Sidney, NE",HW_246,plot,1,3,2022,3,2,767,4768,84,
2014,University of Nebraska,YldQtl-Val_2014_Sidney,"Yield QTL Validation, Yield QTL Validation,",CRD,"Sidney, NE",HW_256,plot,1,2,2013,2,3,770,3194,68,
2014,University of Nebraska,YldQtl-Val_2014_Sidney,"Yield QTL Validation, Yield QTL Validation,",CRD,"Sidney, NE",HW_261,plot,1,2,2017,2,7,768,3753,78,
2014,University of Nebraska,YldQtl-Val_2014_Sidney,"Yield QTL Validation, Yield QTL Validation,",CRD,"Sidney, NE",HW_266,plot,1,3,2024,3,4,750,4264,74,
2014,University of Nebraska,YldQtl-Val_2014_Sidney,"Yield QTL Validation, Yield QTL Validation,",CRD,"Sidney, NE",HW_267,plot,1,3,2030,3,10,785,4849,86,
2014,University of Nebraska,YldQtl-Val_2014_Sidney,"Yield QTL Validation, Yield QTL Validation,",CRD,"Sidney, NE",HW_29,plot,1,3,2028,3,8,782,4196,86,
2014,University of Nebraska,YldQtl-Val_2014_Sidney,"Yield QTL Validation, Yield QTL Validation,",CRD,"Sidney, NE",HW_37,plot,1,2,2014,2,4,776,4291,76,
2014,University of Nebraska,YldQtl-Val_2014_Sidney,"Yield QTL Validation, Yield QTL Validation,",CRD,"Sidney, NE",HW_44,plot,1,2,2020,2,10,777,4358,74,
2014,University of Nebraska,YldQtl-Val_2014_Sidney,"Yield QTL Validation, Yield QTL Validation,",CRD,"Sidney, NE",HW_83,plot,1,2,2019,2,9,762,3598,88,
2014,University of Nebraska,YldQtl-Val_2014_Sidney,"Yield QTL Validation, Yield QTL Validation,",CRD,"Sidney, NE",HW_98,plot,1,3,2027,3,7,793,5024,74,
2014,University of Nebraska,YldQtl-Val_2014_Sidney,"Yield QTL Validation, Yield QTL Validation,",CRD,"Sidney, NE",NE06545,plot,1,13,2122,13,2,786,4519,74,
2014,University of Nebraska,YldQtl-Val_2014_Sidney,"Yield QTL Validation, Yield QTL Validation,",CRD,"Sidney, NE",NE12568,plot,1,14,2139,14,9,771,2798,80,
2014,University of Nebraska,YldQtl-Val_2014_Sidney,"Yield QTL Validation, Yield QTL Validation,",CRD,"Sidney, NE",NE12571,plot,1,14,2140,14,10,811,4573,86,
2014,University of Nebraska,YldQtl-Val_2014_Sidney,"Yield QTL Validation, Yield QTL Validation,",CRD,"Sidney, NE",NE13407,plot,1,13,2126,13,6,797,4634,76,
2014,University of Nebraska,YldQtl-Val_2014_Sidney,"Yield QTL Validation, Yield QTL Validation,",CRD,"Sidney, NE",NE13412,plot,1,10,2092,10,2,802,4344,86,
2014,University of Nebraska,YldQtl-Val_2014_Sidney,"Yield QTL Validation, Yield QTL Validation,",CRD,"Sidney, NE",NE13417,plot,1,13,2125,13,5,819,3484,84,
2014,University of Nebraska,YldQtl-Val_2014_Sidney,"Yield QTL Validation, Yield QTL Validation,",CRD,"Sidney, NE",NE13441,plot,1,15,2149,15,9,813,4943,86,
2014,University of Nebraska,YldQtl-Val_2014_Sidney,"Yield QTL Validation, Yield QTL Validation,",CRD,"Sidney, NE",NE13449,plot,1,20,2191,20,1,776,4008,84,
2014,University of Nebraska,YldQtl-Val_2014_Sidney,"Yield QTL Validation, Yield QTL Validation,",CRD,"Sidney, NE",NE13470,plot,1,14,2137,14,7,812,5629,84,
2014,University of Nebraska,YldQtl-Val_2014_Sidney,"Yield QTL Validation, Yield QTL Validation,",CRD,"Sidney, NE",NE13498,plot,1,5,2048,5,8,851,4580,86,
2014,University of Nebraska,YldQtl-Val_2014_Sidney,"Yield QTL Validation, Yield QTL Validation,",CRD,"Sidney, NE",NE13510,plot,1,14,2138,14,8,790,4331,82,
2014,University of Nebraska,YldQtl-Val_2014_Sidney,"Yield QTL Validation, Yield QTL Validation,",CRD,"Sidney, NE",NE13522,plot,1,5,2046,5,6,780,4075,80,
2014,University of Nebraska,YldQtl-Val_2014_Sidney,"Yield QTL Validation, Yield QTL Validation,",CRD,"Sidney, NE",NE13556,plot,1,11,2107,11,7,812,4781,96,
2014,University of Nebraska,YldQtl-Val_2014_Sidney,"Yield QTL Validation, Yield QTL Validation,",CRD,"Sidney, NE",NE13571,plot,1,5,2047,5,7,790,4243,80,
2014,University of Nebraska,YldQtl-Val_2014_Sidney,"Yield QTL Validation, Yield QTL Validation,",CRD,"Sidney, NE",NE13589,plot,1,20,2199,20,9,792,4714,80,
2014,University of Nebraska,YldQtl-Val_2014_Sidney,"Yield QTL Validation, Yield QTL Validation,",CRD,"Sidney, NE",NE13593,plot,1,5,2049,5,9,833,4553,78,
2014,University of Nebraska,YldQtl-Val_2014_Sidney,"Yield QTL Validation, Yield QTL Validation,",CRD,"Sidney, NE",NE13607,plot,1,16,2151,16,1,801,4586,78,
2014,University of Nebraska,YldQtl-Val_2014_Sidney,"Yield QTL Validation, Yield QTL Validation,",CRD,"Sidney, NE",NE13625,plot,1,19,2182,19,2,816,4923,80,
2014,University of Nebraska,YldQtl-Val_2014_Sidney,"Yield QTL Validation, Yield QTL Validation,",CRD,"Sidney, NE",NE13627,plot,1,11,2108,11,8,801,5689,86,
2014,University of Nebraska,YldQtl-Val_2014_Sidney,"Yield QTL Validation, Yield QTL Validation,",CRD,"Sidney, NE",NE13628,plot,1,20,2192,20,2,822,3753,80,
2014,University of Nebraska,YldQtl-Val_2014_Sidney,"Yield QTL Validation, Yield QTL Validation,",CRD,"Sidney, NE",NE13630,plot,1,10,2091,10,1,777,4802,88,
2014,University of Nebraska,YldQtl-Val_2014_Sidney,"Yield QTL Validation, Yield QTL Validation,",CRD,"Sidney, NE",NE13637,plot,1,16,2152,16,2,798,4546,80,
2014,University of Nebraska,YldQtl-Val_2014_Sidney,"Yield QTL Validation, Yield QTL Validation,",CRD,"Sidney, NE",NE13638,plot,1,15,2150,15,10,797,5400,80,
2014,University of Nebraska,YldQtl-Val_2014_Sidney,"Yield QTL Validation, Yield QTL Validation,",CRD,"Sidney, NE",NE13639,plot,1,5,2045,5,5,784,4479,82,
2014,University of Nebraska,YldQtl-Val_2014_Sidney,"Yield QTL Validation, Yield QTL Validation,",CRD,"Sidney, NE",NE13655,plot,1,14,2133,14,3,795,4620,100,
2014,University of Nebraska,YldQtl-Val_2014_Sidney,"Yield QTL Validation, Yield QTL Validation,",CRD,"Sidney, NE",NE13660,plot,1,14,2134,14,4,813,5427,84,
2014,University of Nebraska,YldQtl-Val_2014_Sidney,"Yield QTL Validation, Yield QTL Validation,",CRD,"Sidney, NE",NE13680,plot,1,5,2050,5,10,795,4936,90,
2014,University of Nebraska,YldQtl-Val_2014_Sidney,"Yield QTL Validation, Yield QTL Validation,",CRD,"Sidney, NE",NE13695,plot,1,19,2181,19,1,799,4425,84,
2014,University of Nebraska,YldQtl-Val_2014_Sidney,"Yield QTL Validation, Yield QTL Validation,",CRD,"Sidney, NE",NE13697,plot,1,4,2032,4,2,817,4640,82,
2014,University of Nebraska,YldQtl-Val_2014_Sidney,"Yield QTL Validation, Yield QTL Validation,",CRD,"Sidney, NE",NE13698,plot,1,4,2031,4,1,750,5400,82,
2014,University of Nebraska,YldQtl-Val_2014_Sidney,"Yield QTL Validation, Yield QTL Validation,",CRD,"Sidney, NE",NE13700,plot,1,20,2200,20,10,736,3773,62,
2014,University of Nebraska,YldQtl-Val_2014_Sidney,"Yield QTL Validation, Yield QTL Validation,",CRD,"Sidney, NE",NH13415,plot,1,15,2147,15,7,828,4882,82,
2014,University of Nebraska,YldQtl-Val_2014_Sidney,"Yield QTL Validation, Yield QTL Validation,",CRD,"Sidney, NE",NH13606,plot,1,15,2148,15,8,780,5098,82,
2014,University of Nebraska,YldQtl-Val_2014_Sidney,"Yield QTL Validation, Yield QTL Validation,",CRD,"Sidney, NE",NH13692,plot,1,14,2131,14,1,806,5535,96,
2014,University of Nebraska,YldQtl-Val_2014_Sidney,"Yield QTL Validation, Yield QTL Validation,",CRD,"Sidney, NE",NH13693,plot,1,14,2132,14,2,790,5750,96,
2014,University of Nebraska,YldQtl-Val_2014_Sidney,"Yield QTL Validation, Yield QTL Validation,",CRD,"Sidney, NE",NW13455,plot,1,4,2037,4,7,793,3611,78,
2014,University of Nebraska,YldQtl-Val_2014_Sidney,"Yield QTL Validation, Yield QTL Validation,",CRD,"Sidney, NE",NW13457,plot,1,4,2039,4,9,817,4405,80,
2014,University of Nebraska,YldQtl-Val_2014_Sidney,"Yield QTL Validation, Yield QTL Validation,",CRD,"Sidney, NE",NW13499,plot,1,16,2155,16,5,826,5246,90,
2014,University of Nebraska,YldQtl-Val_2014_Sidney,"Yield QTL Validation, Yield QTL Validation,",CRD,"Sidney, NE",NW13502,plot,1,16,2153,16,3,816,5030,86,
2014,University of Nebraska,YldQtl-Val_2014_Sidney,"Yield QTL Validation, Yield QTL Validation,",CRD,"Sidney, NE",NW13516,plot,1,7,2070,7,10,781,5548,82,
2014,University of Nebraska,YldQtl-Val_2014_Sidney,"Yield QTL Validation, Yield QTL Validation,",CRD,"Sidney, NE",NW13526,plot,1,4,2038,4,8,808,3948,76,
2014,University of Nebraska,YldQtl-Val_2014_Sidney,"Yield QTL Validation, Yield QTL Validation,",CRD,"Sidney, NE",NW13536,plot,1,13,2124,13,4,794,3880,66,
2014,University of Nebraska,YldQtl-Val_2014_Sidney,"Yield QTL Validation, Yield QTL Validation,",CRD,"Sidney, NE",NW13559,plot,1,5,2044,5,4,785,4243,78,
2014,University of Nebraska,YldQtl-Val_2014_Sidney,"Yield QTL Validation, Yield QTL Validation,",CRD,"Sidney, NE",NW13563,plot,1,7,2069,7,9,802,5071,84,
2014,University of Nebraska,YldQtl-Val_2014_Sidney,"Yield QTL Validation, Yield QTL Validation,",CRD,"Sidney, NE",NW13572,plot,1,16,2156,16,6,831,5205,90,
2014,University of Nebraska,YldQtl-Val_2014_Sidney,"Yield QTL Validation, Yield QTL Validation,",CRD,"Sidney, NE",NW13575,plot,1,16,2154,16,4,826,5710,84,
2014,University of Nebraska,YldQtl-Val_2014_Sidney,"Yield QTL Validation, Yield QTL Validation,",CRD,"Sidney, NE",NW13596,plot,1,5,2043,5,3,792,4586,81,
2014,University of Nebraska,YldQtl-Val_2014_Sidney,"Yield QTL Validation, Yield QTL Validation,",CRD,"Sidney, NE",NW13615,plot,1,4,2040,4,10,781,4950,78,
2014,University of Nebraska,YldQtl-Val_2014_Sidney,"Yield QTL Validation, Yield QTL Validation,",CRD,"Sidney, NE",NW13652,plot,1,4,2036,4,6,799,3692,81,
2014,University of Nebraska,YldQtl-Val_2014_Sidney,"Yield QTL Validation, Yield QTL Validation,",CRD,"Sidney, NE",NW13666,plot,1,13,2123,13,3,801,4667,60,
2014,University of Nebraska,YldQtl-Val_2014_Sidney,"Yield QTL Validation, Yield QTL Validation,",CRD,"Sidney, NE",NW13669,plot,1,4,2035,4,5,804,4324,84,
2014,University of Nebraska,YldQtl-Val_2014_Sidney,"Yield QTL Validation, Yield QTL Validation,",CRD,"Sidney, NE",TX1112_10,plot,1,18,2180,18,10,829,4062,76,
2014,University of Nebraska,YldQtl-Val_2014_Sidney,"Yield QTL Validation, Yield QTL Validation,",CRD,"Sidney, NE",TX1112_105,plot,1,17,2164,17,4,808,4022,76,
2014,University of Nebraska,YldQtl-Val_2014_Sidney,"Yield QTL Validation, Yield QTL Validation,",CRD,"Sidney, NE",TX1112_108,plot,1,17,2165,17,5,793,3934,72,
2014,University of Nebraska,YldQtl-Val_2014_Sidney,"Yield QTL Validation, Yield QTL Validation,",CRD,"Sidney, NE",TX1112_11,plot,1,17,2169,17,9,825,4223,72,
2014,University of Nebraska,YldQtl-Val_2014_Sidney,"Yield QTL Validation, Yield QTL Validation,",CRD,"Sidney, NE",TX1112_111,plot,1,18,2179,18,9,777,4512,82,
2014,University of Nebraska,YldQtl-Val_2014_Sidney,"Yield QTL Validation, Yield QTL Validation,",CRD,"Sidney, NE",TX1112_112,plot,1,17,2162,17,2,816,3981,80,
2014,University of Nebraska,YldQtl-Val_2014_Sidney,"Yield QTL Validation, Yield QTL Validation,",CRD,"Sidney, NE",TX1112_113,plot,1,17,2170,17,10,803,2811,64,
2014,University of Nebraska,YldQtl-Val_2014_Sidney,"Yield QTL Validation, Yield QTL Validation,",CRD,"Sidney, NE",TX1112_115,plot,1,18,2173,18,3,820,3679,70,
2014,University of Nebraska,YldQtl-Val_2014_Sidney,"Yield QTL Validation, Yield QTL Validation,",CRD,"Sidney, NE",TX1112_119,plot,1,17,2168,17,8,817,3625,76,
2014,University of Nebraska,YldQtl-Val_2014_Sidney,"Yield QTL Validation, Yield QTL Validation,",CRD,"Sidney, NE",TX1112_122,plot,1,17,2161,17,1,806,5071,80,
2014,University of Nebraska,YldQtl-Val_2014_Sidney,"Yield QTL Validation, Yield QTL Validation,",CRD,"Sidney, NE",TX1112_123,plot,1,17,2166,17,6,790,3067,74,
2014,University of Nebraska,YldQtl-Val_2014_Sidney,"Yield QTL Validation, Yield QTL Validation,",CRD,"Sidney, NE",TX1112_124,plot,1,18,2171,18,1,795,3356,74,
2014,University of Nebraska,YldQtl-Val_2014_Sidney,"Yield QTL Validation, Yield QTL Validation,",CRD,"Sidney, NE",TX1112_46,plot,1,18,2174,18,4,750,3255,66,
2014,University of Nebraska,YldQtl-Val_2014_Sidney,"Yield QTL Validation, Yield QTL Validation,",CRD,"Sidney, NE",TX1112_48,plot,1,17,2167,17,7,793,3423,70,
2014,University of Nebraska,YldQtl-Val_2014_Sidney,"Yield QTL Validation, Yield QTL Validation,",CRD,"Sidney, NE",TX1112_52,plot,1,18,2177,18,7,821,4842,74,
2014,University of Nebraska,YldQtl-Val_2014_Sidney,"Yield QTL Validation, Yield QTL Validation,",CRD,"Sidney, NE",TX1112_63,plot,1,17,2163,17,3,768,4210,78,
2014,University of Nebraska,YldQtl-Val_2014_Sidney,"Yield QTL Validation, Yield QTL Validation,",CRD,"Sidney, NE",TX1112_65,plot,1,18,2175,18,5,804,4176,74,
2014,University of Nebraska,YldQtl-Val_2014_Sidney,"Yield QTL Validation, Yield QTL Validation,",CRD,"Sidney, NE",TX1112_67,plot,1,18,2178,18,8,848,4331,76,
2014,University of Nebraska,YldQtl-Val_2014_Sidney,"Yield QTL Validation, Yield QTL Validation,",CRD,"Sidney, NE",TX1112_69,plot,1,18,2176,18,6,771,3968,78,
2014,University of Nebraska,YldQtl-Val_2014_Sidney,"Yield QTL Validation, Yield QTL Validation,",CRD,"Sidney, NE",TX1112_87,plot,1,18,2172,18,2,808,3369,70,
2014,University of Nebraska,YldQtl-Val_2014_Sidney,"Yield QTL Validation, Yield QTL Validation,",CRD,"Sidney, NE",11_26,plot,2,10,2300,10,20,806,4365,84,
2014,University of Nebraska,YldQtl-Val_2014_Sidney,"Yield QTL Validation, Yield QTL Validation,",CRD,"Sidney, NE",11_73,plot,2,10,2299,10,19,776,4667,88,
2014,University of Nebraska,YldQtl-Val_2014_Sidney,"Yield QTL Validation, Yield QTL Validation,",CRD,"Sidney, NE",13_13,plot,2,1,2202,1,12,752,3006,74,
2014,University of Nebraska,YldQtl-Val_2014_Sidney,"Yield QTL Validation, Yield QTL Validation,",CRD,"Sidney, NE",13_59,plot,2,1,2201,1,11,784,3699,80,
2014,University of Nebraska,YldQtl-Val_2014_Sidney,"Yield QTL Validation, Yield QTL Validation,",CRD,"Sidney, NE",14_10,plot,2,14,2336,14,16,813,4842,80,
2014,University of Nebraska,YldQtl-Val_2014_Sidney,"Yield QTL Validation, Yield QTL Validation,",CRD,"Sidney, NE",14_2,plot,2,14,2337,14,17,813,4512,82,
2014,University of Nebraska,YldQtl-Val_2014_Sidney,"Yield QTL Validation, Yield QTL Validation,",CRD,"Sidney, NE",14_22,plot,2,14,2340,14,20,773,3961,78,
2014,University of Nebraska,YldQtl-Val_2014_Sidney,"Yield QTL Validation, Yield QTL Validation,",CRD,"Sidney, NE",14_23,plot,2,14,2338,14,18,773,5151,80,
2014,University of Nebraska,YldQtl-Val_2014_Sidney,"Yield QTL Validation, Yield QTL Validation,",CRD,"Sidney, NE",14_31,plot,2,14,2331,14,11,808,4008,83,
2014,University of Nebraska,YldQtl-Val_2014_Sidney,"Yield QTL Validation, Yield QTL Validation,",CRD,"Sidney, NE",14_65,plot,2,14,2335,14,15,813,4573,86,
2014,University of Nebraska,YldQtl-Val_2014_Sidney,"Yield QTL Validation, Yield QTL Validation,",CRD,"Sidney, NE",14_66,plot,2,14,2333,14,13,806,2912,82,
2014,University of Nebraska,YldQtl-Val_2014_Sidney,"Yield QTL Validation, Yield QTL Validation,",CRD,"Sidney, NE",14_71,plot,2,14,2339,14,19,803,4788,81,
2014,University of Nebraska,YldQtl-Val_2014_Sidney,"Yield QTL Validation, Yield QTL Validation,",CRD,"Sidney, NE",14_83,plot,2,14,2332,14,12,838,5084,85,
2014,University of Nebraska,YldQtl-Val_2014_Sidney,"Yield QTL Validation, Yield QTL Validation,",CRD,"Sidney, NE",14_88,plot,2,14,2334,14,14,786,3894,80,
2014,University of Nebraska,YldQtl-Val_2014_Sidney,"Yield QTL Validation, Yield QTL Validation,",CRD,"Sidney, NE",15_18,plot,2,5,2242,5,12,767,3793,80,
2014,University of Nebraska,YldQtl-Val_2014_Sidney,"Yield QTL Validation, Yield QTL Validation,",CRD,"Sidney, NE",15_44,plot,2,5,2241,5,11,808,4116,80,
2014,University of Nebraska,YldQtl-Val_2014_Sidney,"Yield QTL Validation, Yield QTL Validation,",CRD,"Sidney, NE",4_12,plot,2,9,2282,9,12,794,3867,78,
2014,University of Nebraska,YldQtl-Val_2014_Sidney,"Yield QTL Validation, Yield QTL Validation,",CRD,"Sidney, NE",4_19,plot,2,9,2281,9,11,703,4324,78,
2014,University of Nebraska,YldQtl-Val_2014_Sidney,"Yield QTL Validation, Yield QTL Validation,",CRD,"Sidney, NE",7_101,plot,2,12,2312,12,12,803,4398,80,
2014,University of Nebraska,YldQtl-Val_2014_Sidney,"Yield QTL Validation, Yield QTL Validation,",CRD,"Sidney, NE",7_105,plot,2,12,2311,12,11,801,3181,77,
2014,University of Nebraska,YldQtl-Val_2014_Sidney,"Yield QTL Validation, Yield QTL Validation,",CRD,"Sidney, NE",7_11,plot,2,12,2316,12,16,808,4862,77,
2014,University of Nebraska,YldQtl-Val_2014_Sidney,"Yield QTL Validation, Yield QTL Validation,",CRD,"Sidney, NE",7_140,plot,2,12,2318,12,18,803,4708,78,
2014,University of Nebraska,YldQtl-Val_2014_Sidney,"Yield QTL Validation, Yield QTL Validation,",CRD,"Sidney, NE",7_29,plot,2,12,2314,12,14,757,3948,81,
2014,University of Nebraska,YldQtl-Val_2014_Sidney,"Yield QTL Validation, Yield QTL Validation,",CRD,"Sidney, NE",7_45,plot,2,12,2317,12,17,773,4808,78,
2014,University of Nebraska,YldQtl-Val_2014_Sidney,"Yield QTL Validation, Yield QTL Validation,",CRD,"Sidney, NE",7_55,plot,2,12,2320,12,20,764,3867,75,
2014,University of Nebraska,YldQtl-Val_2014_Sidney,"Yield QTL Validation, Yield QTL Validation,",CRD,"Sidney, NE",7_61,plot,2,12,2315,12,15,838,4230,80,
2014,University of Nebraska,YldQtl-Val_2014_Sidney,"Yield QTL Validation, Yield QTL Validation,",CRD,"Sidney, NE",7_86,plot,2,12,2319,12,19,811,3510,75,
2014,University of Nebraska,YldQtl-Val_2014_Sidney,"Yield QTL Validation, Yield QTL Validation,",CRD,"Sidney, NE",7_9,plot,2,12,2313,12,13,806,2609,84,
2014,University of Nebraska,YldQtl-Val_2014_Sidney,"Yield QTL Validation, Yield QTL Validation,",CRD,"Sidney, NE",CO11D1111,plot,2,10,2294,10,14,786,2609,78,
2014,University of Nebraska,YldQtl-Val_2014_Sidney,"Yield QTL Validation, Yield QTL Validation,",CRD,"Sidney, NE",CO11D1119,plot,2,10,2291,10,11,749,4223,83,
2014,University of Nebraska,YldQtl-Val_2014_Sidney,"Yield QTL Validation, Yield QTL Validation,",CRD,"Sidney, NE",CO11D1125,plot,2,10,2292,10,12,792,4506,84,
2014,University of Nebraska,YldQtl-Val_2014_Sidney,"Yield QTL Validation, Yield QTL Validation,",CRD,"Sidney, NE",CO11D1127,plot,2,10,2293,10,13,781,3241,81,
2014,University of Nebraska,YldQtl-Val_2014_Sidney,"Yield QTL Validation, Yield QTL Validation,",CRD,"Sidney, NE",CO11D1140,plot,2,20,2394,20,14,803,4062,85,
2014,University of Nebraska,YldQtl-Val_2014_Sidney,"Yield QTL Validation, Yield QTL Validation,",CRD,"Sidney, NE",CO11D1156,plot,2,20,2393,20,13,784,5037,82,
2014,University of Nebraska,YldQtl-Val_2014_Sidney,"Yield QTL Validation, Yield QTL Validation,",CRD,"Sidney, NE",CO11D1159,plot,2,20,2395,20,15,816,4170,80,
2014,University of Nebraska,YldQtl-Val_2014_Sidney,"Yield QTL Validation, Yield QTL Validation,",CRD,"Sidney, NE",CO11D1174,plot,2,9,2289,9,19,776,4492,82,
2014,University of Nebraska,YldQtl-Val_2014_Sidney,"Yield QTL Validation, Yield QTL Validation,",CRD,"Sidney, NE",CO11D1182,plot,2,9,2288,9,18,808,5225,80,
2014,University of Nebraska,YldQtl-Val_2014_Sidney,"Yield QTL Validation, Yield QTL Validation,",CRD,"Sidney, NE",CO11D1186,plot,2,9,2290,9,20,830,4781,80,
2014,University of Nebraska,YldQtl-Val_2014_Sidney,"Yield QTL Validation, Yield QTL Validation,",CRD,"Sidney, NE",CO11D1190,plot,2,9,2287,9,17,792,5615,88,
2014,University of Nebraska,YldQtl-Val_2014_Sidney,"Yield QTL Validation, Yield QTL Validation,",CRD,"Sidney, NE",CO11D1213,plot,2,20,2398,20,18,784,4977,80,
2014,University of Nebraska,YldQtl-Val_2014_Sidney,"Yield QTL Validation, Yield QTL Validation,",CRD,"Sidney, NE",CO11D1219,plot,2,20,2400,20,20,806,4015,84,
2014,University of Nebraska,YldQtl-Val_2014_Sidney,"Yield QTL Validation, Yield QTL Validation,",CRD,"Sidney, NE",CO11D1221,plot,2,20,2397,20,17,752,3988,88,
2014,University of Nebraska,YldQtl-Val_2014_Sidney,"Yield QTL Validation, Yield QTL Validation,",CRD,"Sidney, NE",CO11D1231,plot,2,20,2399,20,19,764,4708,98,
2014,University of Nebraska,YldQtl-Val_2014_Sidney,"Yield QTL Validation, Yield QTL Validation,",CRD,"Sidney, NE",CO11D1236,plot,2,5,2246,5,16,803,4681,84,
2014,University of Nebraska,YldQtl-Val_2014_Sidney,"Yield QTL Validation, Yield QTL Validation,",CRD,"Sidney, NE",CO11D1240,plot,2,5,2248,5,18,744,3847,70,
2014,University of Nebraska,YldQtl-Val_2014_Sidney,"Yield QTL Validation, Yield QTL Validation,",CRD,"Sidney, NE",CO11D1248,plot,2,5,2245,5,15,781,4210,90,
2014,University of Nebraska,YldQtl-Val_2014_Sidney,"Yield QTL Validation, Yield QTL Validation,",CRD,"Sidney, NE",CO11D1268,plot,2,5,2247,5,17,789,4862,85,
2014,University of Nebraska,YldQtl-Val_2014_Sidney,"Yield QTL Validation, Yield QTL Validation,",CRD,"Sidney, NE",CO11D1287,plot,2,2,2220,2,20,838,4405,85,
2014,University of Nebraska,YldQtl-Val_2014_Sidney,"Yield QTL Validation, Yield QTL Validation,",CRD,"Sidney, NE",CO11D1298,plot,2,2,2218,2,18,786,5003,90,
2014,University of Nebraska,YldQtl-Val_2014_Sidney,"Yield QTL Validation, Yield QTL Validation,",CRD,"Sidney, NE",CO11D1302W,plot,2,2,2219,2,19,789,4835,80,
2014,University of Nebraska,YldQtl-Val_2014_Sidney,"Yield QTL Validation, Yield QTL Validation,",CRD,"Sidney, NE",CO11D1312,plot,2,2,2217,2,17,754,4452,87,
2014,University of Nebraska,YldQtl-Val_2014_Sidney,"Yield QTL Validation, Yield QTL Validation,",CRD,"Sidney, NE",CO11D1315W,plot,2,18,2376,18,16,781,3974,80,
2014,University of Nebraska,YldQtl-Val_2014_Sidney,"Yield QTL Validation, Yield QTL Validation,",CRD,"Sidney, NE",CO11D1316W,plot,2,18,2375,18,15,781,3732,80,
2014,University of Nebraska,YldQtl-Val_2014_Sidney,"Yield QTL Validation, Yield QTL Validation,",CRD,"Sidney, NE",CO11D1322,plot,2,18,2378,18,18,801,3477,80,
2014,University of Nebraska,YldQtl-Val_2014_Sidney,"Yield QTL Validation, Yield QTL Validation,",CRD,"Sidney, NE",CO11D1341,plot,2,18,2377,18,17,801,4291,84,
2014,University of Nebraska,YldQtl-Val_2014_Sidney,"Yield QTL Validation, Yield QTL Validation,",CRD,"Sidney, NE",CO11D1353,plot,2,13,2321,13,11,801,5084,94,
2014,University of Nebraska,YldQtl-Val_2014_Sidney,"Yield QTL Validation, Yield QTL Validation,",CRD,"Sidney, NE",CO11D1371,plot,2,13,2322,13,12,798,4748,89,
2014,University of Nebraska,YldQtl-Val_2014_Sidney,"Yield QTL Validation, Yield QTL Validation,",CRD,"Sidney, NE",CO11D1380,plot,2,13,2324,13,14,803,5017,80,
2014,University of Nebraska,YldQtl-Val_2014_Sidney,"Yield QTL Validation, Yield QTL Validation,",CRD,"Sidney, NE",CO11D1397,plot,2,13,2323,13,13,811,4667,80,
2014,University of Nebraska,YldQtl-Val_2014_Sidney,"Yield QTL Validation, Yield QTL Validation,",CRD,"Sidney, NE",CO11D1409,plot,2,11,2308,11,18,794,5151,90,
2014,University of Nebraska,YldQtl-Val_2014_Sidney,"Yield QTL Validation, Yield QTL Validation,",CRD,"Sidney, NE",CO11D1414,plot,2,11,2307,11,17,781,5306,82,
2014,University of Nebraska,YldQtl-Val_2014_Sidney,"Yield QTL Validation, Yield QTL Validation,",CRD,"Sidney, NE",CO11D1418,plot,2,11,2306,11,16,819,4822,78,
2014,University of Nebraska,YldQtl-Val_2014_Sidney,"Yield QTL Validation, Yield QTL Validation,",CRD,"Sidney, NE",CO11D1431,plot,2,11,2305,11,15,762,4835,80,
2014,University of Nebraska,YldQtl-Val_2014_Sidney,"Yield QTL Validation, Yield QTL Validation,",CRD,"Sidney, NE",CO11D1539,plot,2,17,2363,17,13,759,3934,80,
2014,University of Nebraska,YldQtl-Val_2014_Sidney,"Yield QTL Validation, Yield QTL Validation,",CRD,"Sidney, NE",CO11D1542,plot,2,17,2366,17,16,792,3948,80,
2014,University of Nebraska,YldQtl-Val_2014_Sidney,"Yield QTL Validation, Yield QTL Validation,",CRD,"Sidney, NE",CO11D1543,plot,2,17,2365,17,15,771,3988,90,
2014,University of Nebraska,YldQtl-Val_2014_Sidney,"Yield QTL Validation, Yield QTL Validation,",CRD,"Sidney, NE",CO11D1545,plot,2,17,2364,17,14,771,4781,83,
2014,University of Nebraska,YldQtl-Val_2014_Sidney,"Yield QTL Validation, Yield QTL Validation,",CRD,"Sidney, NE",CO11D1555W,plot,2,19,2384,19,14,846,4627,80,
2014,University of Nebraska,YldQtl-Val_2014_Sidney,"Yield QTL Validation, Yield QTL Validation,",CRD,"Sidney, NE",CO11D1559,plot,2,19,2383,19,13,828,4122,82,
2014,University of Nebraska,YldQtl-Val_2014_Sidney,"Yield QTL Validation, Yield QTL Validation,",CRD,"Sidney, NE",CO11D1584,plot,2,19,2385,19,15,828,3598,90,
2014,University of Nebraska,YldQtl-Val_2014_Sidney,"Yield QTL Validation, Yield QTL Validation,",CRD,"Sidney, NE",CO11D1600W,plot,2,19,2386,19,16,798,4734,84,
2014,University of Nebraska,YldQtl-Val_2014_Sidney,"Yield QTL Validation, Yield QTL Validation,",CRD,"Sidney, NE",CO11D1615,plot,2,4,2238,4,18,798,4264,80,
2014,University of Nebraska,YldQtl-Val_2014_Sidney,"Yield QTL Validation, Yield QTL Validation,",CRD,"Sidney, NE",CO11D1620,plot,2,4,2240,4,20,752,4654,80,
2014,University of Nebraska,YldQtl-Val_2014_Sidney,"Yield QTL Validation, Yield QTL Validation,",CRD,"Sidney, NE",CO11D1631,plot,2,4,2239,4,19,752,4573,85,
2014,University of Nebraska,YldQtl-Val_2014_Sidney,"Yield QTL Validation, Yield QTL Validation,",CRD,"Sidney, NE",CO11D1633,plot,2,4,2237,4,17,773,3820,90,
2014,University of Nebraska,YldQtl-Val_2014_Sidney,"Yield QTL Validation, Yield QTL Validation,",CRD,"Sidney, NE",CO11D1642,plot,2,3,2226,3,16,801,3107,77,
2014,University of Nebraska,YldQtl-Val_2014_Sidney,"Yield QTL Validation, Yield QTL Validation,",CRD,"Sidney, NE",CO11D1644,plot,2,3,2227,3,17,746,2979,75,
2014,University of Nebraska,YldQtl-Val_2014_Sidney,"Yield QTL Validation, Yield QTL Validation,",CRD,"Sidney, NE",CO11D1645,plot,2,3,2228,3,18,759,3463,78,
2014,University of Nebraska,YldQtl-Val_2014_Sidney,"Yield QTL Validation, Yield QTL Validation,",CRD,"Sidney, NE",CO11D1647,plot,2,3,2225,3,15,798,4042,72,
2014,University of Nebraska,YldQtl-Val_2014_Sidney,"Yield QTL Validation, Yield QTL Validation,",CRD,"Sidney, NE",CO11D1654,plot,2,9,2285,9,15,798,4990,77,
2014,University of Nebraska,YldQtl-Val_2014_Sidney,"Yield QTL Validation, Yield QTL Validation,",CRD,"Sidney, NE",CO11D1656,plot,2,9,2284,9,14,752,2730,70,
2014,University of Nebraska,YldQtl-Val_2014_Sidney,"Yield QTL Validation, Yield QTL Validation,",CRD,"Sidney, NE",CO11D1657,plot,2,9,2283,9,13,757,4015,74,
2014,University of Nebraska,YldQtl-Val_2014_Sidney,"Yield QTL Validation, Yield QTL Validation,",CRD,"Sidney, NE",CO11D1665,plot,2,9,2286,9,16,813,3685,75,
2014,University of Nebraska,YldQtl-Val_2014_Sidney,"Yield QTL Validation, Yield QTL Validation,",CRD,"Sidney, NE",CO11D1686,plot,2,17,2367,17,17,781,4102,72,
2014,University of Nebraska,YldQtl-Val_2014_Sidney,"Yield QTL Validation, Yield QTL Validation,",CRD,"Sidney, NE",CO11D1715,plot,2,17,2370,17,20,781,4008,78,
2014,University of Nebraska,YldQtl-Val_2014_Sidney,"Yield QTL Validation, Yield QTL Validation,",CRD,"Sidney, NE",CO11D1731,plot,2,17,2369,17,19,801,2744,70,
2014,University of Nebraska,YldQtl-Val_2014_Sidney,"Yield QTL Validation, Yield QTL Validation,",CRD,"Sidney, NE",CO11D1746,plot,2,17,2368,17,18,786,3457,77,
2014,University of Nebraska,YldQtl-Val_2014_Sidney,"Yield QTL Validation, Yield QTL Validation,",CRD,"Sidney, NE",CO11D1758W,plot,2,6,2258,6,18,825,3625,78,
2014,University of Nebraska,YldQtl-Val_2014_Sidney,"Yield QTL Validation, Yield QTL Validation,",CRD,"Sidney, NE",CO11D1767,plot,2,6,2257,6,17,767,4929,78,
2014,University of Nebraska,YldQtl-Val_2014_Sidney,"Yield QTL Validation, Yield QTL Validation,",CRD,"Sidney, NE",CO11D1789,plot,2,6,2260,6,20,803,4620,85,
2014,University of Nebraska,YldQtl-Val_2014_Sidney,"Yield QTL Validation, Yield QTL Validation,",CRD,"Sidney, NE",CO11D1799,plot,2,6,2259,6,19,794,4391,85,
2014,University of Nebraska,YldQtl-Val_2014_Sidney,"Yield QTL Validation, Yield QTL Validation,",CRD,"Sidney, NE",CT103,plot,2,7,2265,7,15,764,2690,80,
2014,University of Nebraska,YldQtl-Val_2014_Sidney,"Yield QTL Validation, Yield QTL Validation,",CRD,"Sidney, NE",CT110,plot,2,7,2264,7,14,703,2239,70,
2014,University of Nebraska,YldQtl-Val_2014_Sidney,"Yield QTL Validation, Yield QTL Validation,",CRD,"Sidney, NE",CT111,plot,2,8,2280,8,20,740,3699,83,
2014,University of Nebraska,YldQtl-Val_2014_Sidney,"Yield QTL Validation, Yield QTL Validation,",CRD,"Sidney, NE",CT112,plot,2,7,2261,7,11,752,2260,80,
2014,University of Nebraska,YldQtl-Val_2014_Sidney,"Yield QTL Validation, Yield QTL Validation,",CRD,"Sidney, NE",CT115,plot,2,8,2278,8,18,754,3423,80,
2014,University of Nebraska,YldQtl-Val_2014_Sidney,"Yield QTL Validation, Yield QTL Validation,",CRD,"Sidney, NE",CT125,plot,2,8,2271,8,11,703,2629,90,
2014,University of Nebraska,YldQtl-Val_2014_Sidney,"Yield QTL Validation, Yield QTL Validation,",CRD,"Sidney, NE",CT135,plot,2,7,2263,7,13,703,2044,73,
2014,University of Nebraska,YldQtl-Val_2014_Sidney,"Yield QTL Validation, Yield QTL Validation,",CRD,"Sidney, NE",CT154,plot,2,8,2275,8,15,705,2979,75,
2014,University of Nebraska,YldQtl-Val_2014_Sidney,"Yield QTL Validation, Yield QTL Validation,",CRD,"Sidney, NE",CT163,plot,2,7,2266,7,16,757,3094,76,
2014,University of Nebraska,YldQtl-Val_2014_Sidney,"Yield QTL Validation, Yield QTL Validation,",CRD,"Sidney, NE",CT185,plot,2,8,2273,8,13,759,3174,79,
2014,University of Nebraska,YldQtl-Val_2014_Sidney,"Yield QTL Validation, Yield QTL Validation,",CRD,"Sidney, NE",CT194,plot,2,7,2262,7,12,719,3948,70,
2014,University of Nebraska,YldQtl-Val_2014_Sidney,"Yield QTL Validation, Yield QTL Validation,",CRD,"Sidney, NE",CT199,plot,2,8,2279,8,19,767,4734,84,
2014,University of Nebraska,YldQtl-Val_2014_Sidney,"Yield QTL Validation, Yield QTL Validation,",CRD,"Sidney, NE",CT213,plot,2,8,2277,8,17,808,4977,84,
2014,University of Nebraska,YldQtl-Val_2014_Sidney,"Yield QTL Validation, Yield QTL Validation,",CRD,"Sidney, NE",CT224,plot,2,7,2269,7,19,762,2683,88,
2014,University of Nebraska,YldQtl-Val_2014_Sidney,"Yield QTL Validation, Yield QTL Validation,",CRD,"Sidney, NE",CT237,plot,2,8,2274,8,14,744,3383,74,
2014,University of Nebraska,YldQtl-Val_2014_Sidney,"Yield QTL Validation, Yield QTL Validation,",CRD,"Sidney, NE",CT30,plot,2,8,2272,8,12,776,2246,75,
2014,University of Nebraska,YldQtl-Val_2014_Sidney,"Yield QTL Validation, Yield QTL Validation,",CRD,"Sidney, NE",CT38,plot,2,7,2268,7,18,798,4015,86,
2014,University of Nebraska,YldQtl-Val_2014_Sidney,"Yield QTL Validation, Yield QTL Validation,",CRD,"Sidney, NE",CT64,plot,2,7,2270,7,20,771,3524,78,
2014,University of Nebraska,YldQtl-Val_2014_Sidney,"Yield QTL Validation, Yield QTL Validation,",CRD,"Sidney, NE",CT69,plot,2,8,2276,8,16,773,3793,90,
2014,University of Nebraska,YldQtl-Val_2014_Sidney,"Yield QTL Validation, Yield QTL Validation,",CRD,"Sidney, NE",CT95,plot,2,7,2267,7,17,828,3948,78,
2014,University of Nebraska,YldQtl-Val_2014_Sidney,"Yield QTL Validation, Yield QTL Validation,",CRD,"Sidney, NE",GOODSYN12,plot,2,5,2243,5,13,771,2629,90,
2014,University of Nebraska,YldQtl-Val_2014_Sidney,"Yield QTL Validation, Yield QTL Validation,",CRD,"Sidney, NE",GOODSYN17,plot,2,5,2244,5,14,776,3268,102,
2014,University of Nebraska,YldQtl-Val_2014_Sidney,"Yield QTL Validation, Yield QTL Validation,",CRD,"Sidney, NE",GOODSYN23,plot,2,4,2233,4,13,773,4170,98,
2014,University of Nebraska,YldQtl-Val_2014_Sidney,"Yield QTL Validation, Yield QTL Validation,",CRD,"Sidney, NE",GOODSYN28,plot,2,4,2234,4,14,781,4075,98,
2014,University of Nebraska,YldQtl-Val_2014_Sidney,"Yield QTL Validation, Yield QTL Validation,",CRD,"Sidney, NE",GOODSYN35,plot,2,19,2388,19,18,762,4647,94,
2014,University of Nebraska,YldQtl-Val_2014_Sidney,"Yield QTL Validation, Yield QTL Validation,",CRD,"Sidney, NE",GOODSYN37,plot,2,19,2387,19,17,757,3564,90,
2014,University of Nebraska,YldQtl-Val_2014_Sidney,"Yield QTL Validation, Yield QTL Validation,",CRD,"Sidney, NE",GOODSYN43,plot,2,1,2210,1,20,813,3490,102,
2014,University of Nebraska,YldQtl-Val_2014_Sidney,"Yield QTL Validation, Yield QTL Validation,",CRD,"Sidney, NE",GOODSYN44,plot,2,1,2209,1,19,776,3685,105,
2014,University of Nebraska,YldQtl-Val_2014_Sidney,"Yield QTL Validation, Yield QTL Validation,",CRD,"Sidney, NE",GOODSYN5,plot,2,2,2216,2,16,806,4015,115,
2014,University of Nebraska,YldQtl-Val_2014_Sidney,"Yield QTL Validation, Yield QTL Validation,",CRD,"Sidney, NE",GOODSYN51,plot,2,1,2205,1,15,744,2629,90,
2014,University of Nebraska,YldQtl-Val_2014_Sidney,"Yield QTL Validation, Yield QTL Validation,",CRD,"Sidney, NE",GOODSYN58,plot,2,1,2206,1,16,773,3396,94,
2014,University of Nebraska,YldQtl-Val_2014_Sidney,"Yield QTL Validation, Yield QTL Validation,",CRD,"Sidney, NE",GOODSYN61,plot,2,17,2362,17,12,789,2757,80,
2014,University of Nebraska,YldQtl-Val_2014_Sidney,"Yield QTL Validation, Yield QTL Validation,",CRD,"Sidney, NE",GOODSYN62,plot,2,17,2361,17,11,757,2629,87,
2014,University of Nebraska,YldQtl-Val_2014_Sidney,"Yield QTL Validation, Yield QTL Validation,",CRD,"Sidney, NE",GOODSYN72,plot,2,11,2302,11,12,789,5017,105,
2014,University of Nebraska,YldQtl-Val_2014_Sidney,"Yield QTL Validation, Yield QTL Validation,",CRD,"Sidney, NE",GOODSYN8,plot,2,2,2215,2,15,767,3658,112,
2014,University of Nebraska,YldQtl-Val_2014_Sidney,"Yield QTL Validation, Yield QTL Validation,",CRD,"Sidney, NE",GOODSYN80,plot,2,11,2301,11,11,784,4990,115,
2014,University of Nebraska,YldQtl-Val_2014_Sidney,"Yield QTL Validation, Yield QTL Validation,",CRD,"Sidney, NE",GOODSYN82,plot,2,4,2235,4,15,779,4001,92,
2014,University of Nebraska,YldQtl-Val_2014_Sidney,"Yield QTL Validation, Yield QTL Validation,",CRD,"Sidney, NE",GOODSYN88,plot,2,4,2236,4,16,840,4371,100,
2014,University of Nebraska,YldQtl-Val_2014_Sidney,"Yield QTL Validation, Yield QTL Validation,",CRD,"Sidney, NE",HW_124,plot,2,15,2344,15,14,744,4291,88,
2014,University of Nebraska,YldQtl-Val_2014_Sidney,"Yield QTL Validation, Yield QTL Validation,",CRD,"Sidney, NE",HW_132,plot,2,16,2355,16,15,752,2757,82,
2014,University of Nebraska,YldQtl-Val_2014_Sidney,"Yield QTL Validation, Yield QTL Validation,",CRD,"Sidney, NE",HW_133,plot,2,15,2348,15,18,740,4573,80,
2014,University of Nebraska,YldQtl-Val_2014_Sidney,"Yield QTL Validation, Yield QTL Validation,",CRD,"Sidney, NE",HW_141,plot,2,15,2345,15,15,722,3295,73,
2014,University of Nebraska,YldQtl-Val_2014_Sidney,"Yield QTL Validation, Yield QTL Validation,",CRD,"Sidney, NE",HW_155,plot,2,16,2360,16,20,764,3564,90,
2014,University of Nebraska,YldQtl-Val_2014_Sidney,"Yield QTL Validation, Yield QTL Validation,",CRD,"Sidney, NE",HW_174,plot,2,16,2351,16,11,776,2192,74,
2014,University of Nebraska,YldQtl-Val_2014_Sidney,"Yield QTL Validation, Yield QTL Validation,",CRD,"Sidney, NE",HW_175,plot,2,15,2343,15,13,786,4022,85,
2014,University of Nebraska,YldQtl-Val_2014_Sidney,"Yield QTL Validation, Yield QTL Validation,",CRD,"Sidney, NE",HW_182,plot,2,16,2352,16,12,735,3658,78,
2014,University of Nebraska,YldQtl-Val_2014_Sidney,"Yield QTL Validation, Yield QTL Validation,",CRD,"Sidney, NE",HW_237,plot,2,15,2350,15,20,764,5205,80,
2014,University of Nebraska,YldQtl-Val_2014_Sidney,"Yield QTL Validation, Yield QTL Validation,",CRD,"Sidney, NE",HW_240,plot,2,15,2341,15,11,798,4344,83,
2014,University of Nebraska,YldQtl-Val_2014_Sidney,"Yield QTL Validation, Yield QTL Validation,",CRD,"Sidney, NE",HW_246,plot,2,16,2358,16,18,784,4398,88,
2014,University of Nebraska,YldQtl-Val_2014_Sidney,"Yield QTL Validation, Yield QTL Validation,",CRD,"Sidney, NE",HW_256,plot,2,15,2346,15,16,806,3739,76,
2014,University of Nebraska,YldQtl-Val_2014_Sidney,"Yield QTL Validation, Yield QTL Validation,",CRD,"Sidney, NE",HW_261,plot,2,15,2342,15,12,779,5037,78,
2014,University of Nebraska,YldQtl-Val_2014_Sidney,"Yield QTL Validation, Yield QTL Validation,",CRD,"Sidney, NE",HW_266,plot,2,16,2359,16,19,798,3921,78,
2014,University of Nebraska,YldQtl-Val_2014_Sidney,"Yield QTL Validation, Yield QTL Validation,",CRD,"Sidney, NE",HW_267,plot,2,16,2354,16,14,767,3974,90,
2014,University of Nebraska,YldQtl-Val_2014_Sidney,"Yield QTL Validation, Yield QTL Validation,",CRD,"Sidney, NE",HW_29,plot,2,16,2357,16,17,794,3961,88,
2014,University of Nebraska,YldQtl-Val_2014_Sidney,"Yield QTL Validation, Yield QTL Validation,",CRD,"Sidney, NE",HW_37,plot,2,15,2349,15,19,749,4533,80,
2014,University of Nebraska,YldQtl-Val_2014_Sidney,"Yield QTL Validation, Yield QTL Validation,",CRD,"Sidney, NE",HW_44,plot,2,15,2347,15,17,794,4876,80,
2014,University of Nebraska,YldQtl-Val_2014_Sidney,"Yield QTL Validation, Yield QTL Validation,",CRD,"Sidney, NE",HW_83,plot,2,16,2353,16,13,710,2872,90,
2014,University of Nebraska,YldQtl-Val_2014_Sidney,"Yield QTL Validation, Yield QTL Validation,",CRD,"Sidney, NE",HW_98,plot,2,16,2356,16,16,762,4257,70,
2014,University of Nebraska,YldQtl-Val_2014_Sidney,"Yield QTL Validation, Yield QTL Validation,",CRD,"Sidney, NE",NE06545,plot,2,20,2396,20,16,754,4069,77,
2014,University of Nebraska,YldQtl-Val_2014_Sidney,"Yield QTL Validation, Yield QTL Validation,",CRD,"Sidney, NE",NE12568,plot,2,3,2230,3,20,740,3100,80,
2014,University of Nebraska,YldQtl-Val_2014_Sidney,"Yield QTL Validation, Yield QTL Validation,",CRD,"Sidney, NE",NE12571,plot,2,3,2229,3,19,764,4170,86,
2014,University of Nebraska,YldQtl-Val_2014_Sidney,"Yield QTL Validation, Yield QTL Validation,",CRD,"Sidney, NE",NE13407,plot,2,2,2212,2,12,792,2764,70,
2014,University of Nebraska,YldQtl-Val_2014_Sidney,"Yield QTL Validation, Yield QTL Validation,",CRD,"Sidney, NE",NE13412,plot,2,5,2250,5,20,764,3134,80,
2014,University of Nebraska,YldQtl-Val_2014_Sidney,"Yield QTL Validation, Yield QTL Validation,",CRD,"Sidney, NE",NE13417,plot,2,2,2211,2,11,779,2542,82,
2014,University of Nebraska,YldQtl-Val_2014_Sidney,"Yield QTL Validation, Yield QTL Validation,",CRD,"Sidney, NE",NE13441,plot,2,13,2330,13,20,803,4001,80,
2014,University of Nebraska,YldQtl-Val_2014_Sidney,"Yield QTL Validation, Yield QTL Validation,",CRD,"Sidney, NE",NE13449,plot,2,11,2304,11,14,798,5064,75,
2014,University of Nebraska,YldQtl-Val_2014_Sidney,"Yield QTL Validation, Yield QTL Validation,",CRD,"Sidney, NE",NE13470,plot,2,18,2380,18,20,764,4943,73,
2014,University of Nebraska,YldQtl-Val_2014_Sidney,"Yield QTL Validation, Yield QTL Validation,",CRD,"Sidney, NE",NE13498,plot,2,2,2214,2,14,821,3457,80,
2014,University of Nebraska,YldQtl-Val_2014_Sidney,"Yield QTL Validation, Yield QTL Validation,",CRD,"Sidney, NE",NE13510,plot,2,18,2379,18,19,786,3679,73,
2014,University of Nebraska,YldQtl-Val_2014_Sidney,"Yield QTL Validation, Yield QTL Validation,",CRD,"Sidney, NE",NE13522,plot,2,6,2251,6,11,781,4284,80,
2014,University of Nebraska,YldQtl-Val_2014_Sidney,"Yield QTL Validation, Yield QTL Validation,",CRD,"Sidney, NE",NE13556,plot,2,3,2224,3,14,808,3436,80,
2014,University of Nebraska,YldQtl-Val_2014_Sidney,"Yield QTL Validation, Yield QTL Validation,",CRD,"Sidney, NE",NE13571,plot,2,2,2213,2,13,764,3067,82,
2014,University of Nebraska,YldQtl-Val_2014_Sidney,"Yield QTL Validation, Yield QTL Validation,",CRD,"Sidney, NE",NE13589,plot,2,6,2253,6,13,798,4486,90,
2014,University of Nebraska,YldQtl-Val_2014_Sidney,"Yield QTL Validation, Yield QTL Validation,",CRD,"Sidney, NE",NE13593,plot,2,1,2207,1,17,784,3147,82,
2014,University of Nebraska,YldQtl-Val_2014_Sidney,"Yield QTL Validation, Yield QTL Validation,",CRD,"Sidney, NE",NE13607,plot,2,3,2222,3,12,757,3396,76,
2014,University of Nebraska,YldQtl-Val_2014_Sidney,"Yield QTL Validation, Yield QTL Validation,",CRD,"Sidney, NE",NE13625,plot,2,13,2325,13,15,825,5414,90,
2014,University of Nebraska,YldQtl-Val_2014_Sidney,"Yield QTL Validation, Yield QTL Validation,",CRD,"Sidney, NE",NE13627,plot,2,3,2223,3,13,779,3759,72,
2014,University of Nebraska,YldQtl-Val_2014_Sidney,"Yield QTL Validation, Yield QTL Validation,",CRD,"Sidney, NE",NE13628,plot,2,11,2303,11,13,830,4869,90,
2014,University of Nebraska,YldQtl-Val_2014_Sidney,"Yield QTL Validation, Yield QTL Validation,",CRD,"Sidney, NE",NE13630,plot,2,5,2249,5,19,779,4896,83,
2014,University of Nebraska,YldQtl-Val_2014_Sidney,"Yield QTL Validation, Yield QTL Validation,",CRD,"Sidney, NE",NE13637,plot,2,3,2221,3,11,730,3161,82,
2014,University of Nebraska,YldQtl-Val_2014_Sidney,"Yield QTL Validation, Yield QTL Validation,",CRD,"Sidney, NE",NE13638,plot,2,13,2329,13,19,803,4956,80,
2014,University of Nebraska,YldQtl-Val_2014_Sidney,"Yield QTL Validation, Yield QTL Validation,",CRD,"Sidney, NE",NE13639,plot,2,6,2252,6,12,803,4398,88,
2014,University of Nebraska,YldQtl-Val_2014_Sidney,"Yield QTL Validation, Yield QTL Validation,",CRD,"Sidney, NE",NE13655,plot,2,11,2309,11,19,749,3880,94,
2014,University of Nebraska,YldQtl-Val_2014_Sidney,"Yield QTL Validation, Yield QTL Validation,",CRD,"Sidney, NE",NE13660,plot,2,11,2310,11,20,801,4943,80,
2014,University of Nebraska,YldQtl-Val_2014_Sidney,"Yield QTL Validation, Yield QTL Validation,",CRD,"Sidney, NE",NE13680,plot,2,1,2208,1,18,794,4075,90,
2014,University of Nebraska,YldQtl-Val_2014_Sidney,"Yield QTL Validation, Yield QTL Validation,",CRD,"Sidney, NE",NE13695,plot,2,13,2326,13,16,808,4593,100,
2014,University of Nebraska,YldQtl-Val_2014_Sidney,"Yield QTL Validation, Yield QTL Validation,",CRD,"Sidney, NE",NE13697,plot,2,4,2232,4,12,762,4223,76,
2014,University of Nebraska,YldQtl-Val_2014_Sidney,"Yield QTL Validation, Yield QTL Validation,",CRD,"Sidney, NE",NE13698,plot,2,4,2231,4,11,767,3847,80,
2014,University of Nebraska,YldQtl-Val_2014_Sidney,"Yield QTL Validation, Yield QTL Validation,",CRD,"Sidney, NE",NE13700,plot,2,6,2254,6,14,764,3349,72,
2014,University of Nebraska,YldQtl-Val_2014_Sidney,"Yield QTL Validation, Yield QTL Validation,",CRD,"Sidney, NE",NH13415,plot,2,10,2298,10,18,784,4862,82,
2014,University of Nebraska,YldQtl-Val_2014_Sidney,"Yield QTL Validation, Yield QTL Validation,",CRD,"Sidney, NE",NH13606,plot,2,10,2297,10,17,798,4257,80,
2014,University of Nebraska,YldQtl-Val_2014_Sidney,"Yield QTL Validation, Yield QTL Validation,",CRD,"Sidney, NE",NH13692,plot,2,13,2328,13,18,789,4728,100,
2014,University of Nebraska,YldQtl-Val_2014_Sidney,"Yield QTL Validation, Yield QTL Validation,",CRD,"Sidney, NE",NH13693,plot,2,13,2327,13,17,759,4674,100,
2014,University of Nebraska,YldQtl-Val_2014_Sidney,"Yield QTL Validation, Yield QTL Validation,",CRD,"Sidney, NE",NW13455,plot,2,19,2381,19,11,781,4613,83,
2014,University of Nebraska,YldQtl-Val_2014_Sidney,"Yield QTL Validation, Yield QTL Validation,",CRD,"Sidney, NE",NW13457,plot,2,18,2373,18,13,794,3490,78,
2014,University of Nebraska,YldQtl-Val_2014_Sidney,"Yield QTL Validation, Yield QTL Validation,",CRD,"Sidney, NE",NW13499,plot,2,6,2256,6,16,803,4048,88,
2014,University of Nebraska,YldQtl-Val_2014_Sidney,"Yield QTL Validation, Yield QTL Validation,",CRD,"Sidney, NE",NW13502,plot,2,19,2390,19,20,789,4398,77,
2014,University of Nebraska,YldQtl-Val_2014_Sidney,"Yield QTL Validation, Yield QTL Validation,",CRD,"Sidney, NE",NW13516,plot,2,20,2391,20,11,794,4035,70,
2014,University of Nebraska,YldQtl-Val_2014_Sidney,"Yield QTL Validation, Yield QTL Validation,",CRD,"Sidney, NE",NW13526,plot,2,19,2382,19,12,808,4311,80,
2014,University of Nebraska,YldQtl-Val_2014_Sidney,"Yield QTL Validation, Yield QTL Validation,",CRD,"Sidney, NE",NW13536,plot,2,18,2371,18,11,808,3551,64,
2014,University of Nebraska,YldQtl-Val_2014_Sidney,"Yield QTL Validation, Yield QTL Validation,",CRD,"Sidney, NE",NW13559,plot,2,1,2203,1,13,703,2266,68,
2014,University of Nebraska,YldQtl-Val_2014_Sidney,"Yield QTL Validation, Yield QTL Validation,",CRD,"Sidney, NE",NW13563,plot,2,20,2392,20,12,754,4243,76,
2014,University of Nebraska,YldQtl-Val_2014_Sidney,"Yield QTL Validation, Yield QTL Validation,",CRD,"Sidney, NE",NW13572,plot,2,6,2255,6,15,767,4069,94,
2014,University of Nebraska,YldQtl-Val_2014_Sidney,"Yield QTL Validation, Yield QTL Validation,",CRD,"Sidney, NE",NW13575,plot,2,19,2389,19,19,838,5111,84,
2014,University of Nebraska,YldQtl-Val_2014_Sidney,"Yield QTL Validation, Yield QTL Validation,",CRD,"Sidney, NE",NW13596,plot,2,1,2204,1,14,703,3107,64,
2014,University of Nebraska,YldQtl-Val_2014_Sidney,"Yield QTL Validation, Yield QTL Validation,",CRD,"Sidney, NE",NW13615,plot,2,18,2374,18,14,754,4519,70,
2014,University of Nebraska,YldQtl-Val_2014_Sidney,"Yield QTL Validation, Yield QTL Validation,",CRD,"Sidney, NE",NW13652,plot,2,10,2296,10,16,819,4640,88,
2014,University of Nebraska,YldQtl-Val_2014_Sidney,"Yield QTL Validation, Yield QTL Validation,",CRD,"Sidney, NE",NW13666,plot,2,18,2372,18,12,749,3504,73,
2014,University of Nebraska,YldQtl-Val_2014_Sidney,"Yield QTL Validation, Yield QTL Validation,",CRD,"Sidney, NE",NW13669,plot,2,10,2295,10,15,762,4418,80,
2014,University of Nebraska,YldQtl-Val_2014_Sidney,"Yield QTL Validation, Yield QTL Validation,",CRD,"Sidney, NE",TX1112_10,plot,2,22,3219,22,19,828,3954,78,
2014,University of Nebraska,YldQtl-Val_2014_Sidney,"Yield QTL Validation, Yield QTL Validation,",CRD,"Sidney, NE",TX1112_105,plot,2,22,3211,22,11,821,2401,74,
2014,University of Nebraska,YldQtl-Val_2014_Sidney,"Yield QTL Validation, Yield QTL Validation,",CRD,"Sidney, NE",TX1112_108,plot,2,22,3212,22,12,779,1937,70,
2014,University of Nebraska,YldQtl-Val_2014_Sidney,"Yield QTL Validation, Yield QTL Validation,",CRD,"Sidney, NE",TX1112_11,plot,2,22,3213,22,13,773,2179,70,
2014,University of Nebraska,YldQtl-Val_2014_Sidney,"Yield QTL Validation, Yield QTL Validation,",CRD,"Sidney, NE",TX1112_111,plot,2,21,3209,21,19,762,3578,83,
2014,University of Nebraska,YldQtl-Val_2014_Sidney,"Yield QTL Validation, Yield QTL Validation,",CRD,"Sidney, NE",TX1112_112,plot,2,21,3204,21,14,757,2287,63,
2014,University of Nebraska,YldQtl-Val_2014_Sidney,"Yield QTL Validation, Yield QTL Validation,",CRD,"Sidney, NE",TX1112_113,plot,2,21,3203,21,13,744,1527,60,
2014,University of Nebraska,YldQtl-Val_2014_Sidney,"Yield QTL Validation, Yield QTL Validation,",CRD,"Sidney, NE",TX1112_115,plot,2,22,3216,22,16,840,2569,75,
2014,University of Nebraska,YldQtl-Val_2014_Sidney,"Yield QTL Validation, Yield QTL Validation,",CRD,"Sidney, NE",TX1112_119,plot,2,22,3220,22,20,798,2656,70,
2014,University of Nebraska,YldQtl-Val_2014_Sidney,"Yield QTL Validation, Yield QTL Validation,",CRD,"Sidney, NE",TX1112_122,plot,2,21,3210,21,20,819,3813,70,
2014,University of Nebraska,YldQtl-Val_2014_Sidney,"Yield QTL Validation, Yield QTL Validation,",CRD,"Sidney, NE",TX1112_123,plot,2,21,3202,21,12,744,2374,70,
2014,University of Nebraska,YldQtl-Val_2014_Sidney,"Yield QTL Validation, Yield QTL Validation,",CRD,"Sidney, NE",TX1112_124,plot,2,22,3218,22,18,764,2851,68,
2014,University of Nebraska,YldQtl-Val_2014_Sidney,"Yield QTL Validation, Yield QTL Validation,",CRD,"Sidney, NE",TX1112_46,plot,2,21,3206,21,16,811,2522,68,
2014,University of Nebraska,YldQtl-Val_2014_Sidney,"Yield QTL Validation, Yield QTL Validation,",CRD,"Sidney, NE",TX1112_48,plot,2,22,3215,22,15,801,2495,70,
2014,University of Nebraska,YldQtl-Val_2014_Sidney,"Yield QTL Validation, Yield QTL Validation,",CRD,"Sidney, NE",TX1112_52,plot,2,21,3207,21,17,789,4445,80,
2014,University of Nebraska,YldQtl-Val_2014_Sidney,"Yield QTL Validation, Yield QTL Validation,",CRD,"Sidney, NE",TX1112_63,plot,2,21,3201,21,11,759,1863,64,
2014,University of Nebraska,YldQtl-Val_2014_Sidney,"Yield QTL Validation, Yield QTL Validation,",CRD,"Sidney, NE",TX1112_65,plot,2,21,3205,21,15,792,3921,80,
2014,University of Nebraska,YldQtl-Val_2014_Sidney,"Yield QTL Validation, Yield QTL Validation,",CRD,"Sidney, NE",TX1112_67,plot,2,21,3208,21,18,811,3598,80,
2014,University of Nebraska,YldQtl-Val_2014_Sidney,"Yield QTL Validation, Yield QTL Validation,",CRD,"Sidney, NE",TX1112_69,plot,2,22,3217,22,17,784,4270,88,
2014,University of Nebraska,YldQtl-Val_2014_Sidney,"Yield QTL Validation, Yield QTL Validation,",CRD,"Sidney, NE",TX1112_87,plot,2,22,3214,22,14,776,2112,60,