YR,PROGRAM,STUDY,DESCRIPTION,DESIGN,LOC,ID,TYPE,REP,BLOCK,PLOT,ROW,COL,YLD,HT,NOTES
2014,University of Nebraska,YldQtl-Val_2014_ClayCenter,"Yield QTL Validation, Yield QTL Validation,",CRD,"Clay Center, NE",11_26,plot,1,10,2097,10,40,3773,84,
2014,University of Nebraska,YldQtl-Val_2014_ClayCenter,"Yield QTL Validation, Yield QTL Validation,",CRD,"Clay Center, NE",11_73,plot,1,10,2098,10,41,3679,84,
2014,University of Nebraska,YldQtl-Val_2014_ClayCenter,"Yield QTL Validation, Yield QTL Validation,",CRD,"Clay Center, NE",13_13,plot,1,20,2191,20,34,3295,74,
2014,University of Nebraska,YldQtl-Val_2014_ClayCenter,"Yield QTL Validation, Yield QTL Validation,",CRD,"Clay Center, NE",13_59,plot,1,20,2192,20,35,3423,78,
2014,University of Nebraska,YldQtl-Val_2014_ClayCenter,"Yield QTL Validation, Yield QTL Validation,",CRD,"Clay Center, NE",14_10,plot,1,4,2035,4,38,4654,82,
2014,University of Nebraska,YldQtl-Val_2014_ClayCenter,"Yield QTL Validation, Yield QTL Validation,",CRD,"Clay Center, NE",14_2,plot,1,4,2032,4,35,4459,82,
2014,University of Nebraska,YldQtl-Val_2014_ClayCenter,"Yield QTL Validation, Yield QTL Validation,",CRD,"Clay Center, NE",14_22,plot,1,4,2039,4,42,4277,82,
2014,University of Nebraska,YldQtl-Val_2014_ClayCenter,"Yield QTL Validation, Yield QTL Validation,",CRD,"Clay Center, NE",14_23,plot,1,4,2038,4,41,4096,80,
2014,University of Nebraska,YldQtl-Val_2014_ClayCenter,"Yield QTL Validation, Yield QTL Validation,",CRD,"Clay Center, NE",14_31,plot,1,4,2037,4,40,5071,82,
2014,University of Nebraska,YldQtl-Val_2014_ClayCenter,"Yield QTL Validation, Yield QTL Validation,",CRD,"Clay Center, NE",14_65,plot,1,4,2033,4,36,4708,92,
2014,University of Nebraska,YldQtl-Val_2014_ClayCenter,"Yield QTL Validation, Yield QTL Validation,",CRD,"Clay Center, NE",14_66,plot,1,4,2031,4,34,3887,80,
2014,University of Nebraska,YldQtl-Val_2014_ClayCenter,"Yield QTL Validation, Yield QTL Validation,",CRD,"Clay Center, NE",14_71,plot,1,4,2036,4,39,5165,80,
2014,University of Nebraska,YldQtl-Val_2014_ClayCenter,"Yield QTL Validation, Yield QTL Validation,",CRD,"Clay Center, NE",14_83,plot,1,4,2034,4,37,4365,88,
2014,University of Nebraska,YldQtl-Val_2014_ClayCenter,"Yield QTL Validation, Yield QTL Validation,",CRD,"Clay Center, NE",14_88,plot,1,4,2040,4,43,4432,82,
2014,University of Nebraska,YldQtl-Val_2014_ClayCenter,"Yield QTL Validation, Yield QTL Validation,",CRD,"Clay Center, NE",15_18,plot,1,9,2083,9,36,3470,82,
2014,University of Nebraska,YldQtl-Val_2014_ClayCenter,"Yield QTL Validation, Yield QTL Validation,",CRD,"Clay Center, NE",15_44,plot,1,9,2084,9,37,2892,80,
2014,University of Nebraska,YldQtl-Val_2014_ClayCenter,"Yield QTL Validation, Yield QTL Validation,",CRD,"Clay Center, NE",4_12,plot,1,16,2155,16,38,3430,78,
2014,University of Nebraska,YldQtl-Val_2014_ClayCenter,"Yield QTL Validation, Yield QTL Validation,",CRD,"Clay Center, NE",4_19,plot,1,16,2156,16,39,3262,76,
2014,University of Nebraska,YldQtl-Val_2014_ClayCenter,"Yield QTL Validation, Yield QTL Validation,",CRD,"Clay Center, NE",7_101,plot,1,12,2119,12,42,4398,84,
2014,University of Nebraska,YldQtl-Val_2014_ClayCenter,"Yield QTL Validation, Yield QTL Validation,",CRD,"Clay Center, NE",7_105,plot,1,12,2114,12,37,4048,80,
2014,University of Nebraska,YldQtl-Val_2014_ClayCenter,"Yield QTL Validation, Yield QTL Validation,",CRD,"Clay Center, NE",7_11,plot,1,12,2112,12,35,4506,84,
2014,University of Nebraska,YldQtl-Val_2014_ClayCenter,"Yield QTL Validation, Yield QTL Validation,",CRD,"Clay Center, NE",7_140,plot,1,12,2116,12,39,4237,80,
2014,University of Nebraska,YldQtl-Val_2014_ClayCenter,"Yield QTL Validation, Yield QTL Validation,",CRD,"Clay Center, NE",7_29,plot,1,12,2115,12,38,4042,90,
2014,University of Nebraska,YldQtl-Val_2014_ClayCenter,"Yield QTL Validation, Yield QTL Validation,",CRD,"Clay Center, NE",7_45,plot,1,12,2117,12,40,3874,78,
2014,University of Nebraska,YldQtl-Val_2014_ClayCenter,"Yield QTL Validation, Yield QTL Validation,",CRD,"Clay Center, NE",7_55,plot,1,12,2113,12,36,4311,90,
2014,University of Nebraska,YldQtl-Val_2014_ClayCenter,"Yield QTL Validation, Yield QTL Validation,",CRD,"Clay Center, NE",7_61,plot,1,12,2118,12,41,4089,78,
2014,University of Nebraska,YldQtl-Val_2014_ClayCenter,"Yield QTL Validation, Yield QTL Validation,",CRD,"Clay Center, NE",7_86,plot,1,12,2120,12,43,3477,76,
2014,University of Nebraska,YldQtl-Val_2014_ClayCenter,"Yield QTL Validation, Yield QTL Validation,",CRD,"Clay Center, NE",7_9,plot,1,12,2111,12,34,3282,84,
2014,University of Nebraska,YldQtl-Val_2014_ClayCenter,"Yield QTL Validation, Yield QTL Validation,",CRD,"Clay Center, NE",CO11D1111,plot,1,18,2178,18,41,3658,80,
2014,University of Nebraska,YldQtl-Val_2014_ClayCenter,"Yield QTL Validation, Yield QTL Validation,",CRD,"Clay Center, NE",CO11D1119,plot,1,18,2176,18,39,3268,78,
2014,University of Nebraska,YldQtl-Val_2014_ClayCenter,"Yield QTL Validation, Yield QTL Validation,",CRD,"Clay Center, NE",CO11D1125,plot,1,18,2177,18,40,4889,84,
2014,University of Nebraska,YldQtl-Val_2014_ClayCenter,"Yield QTL Validation, Yield QTL Validation,",CRD,"Clay Center, NE",CO11D1127,plot,1,18,2175,18,38,3329,84,
2014,University of Nebraska,YldQtl-Val_2014_ClayCenter,"Yield QTL Validation, Yield QTL Validation,",CRD,"Clay Center, NE",CO11D1140,plot,1,10,2092,10,35,3692,80,
2014,University of Nebraska,YldQtl-Val_2014_ClayCenter,"Yield QTL Validation, Yield QTL Validation,",CRD,"Clay Center, NE",CO11D1156,plot,1,10,2094,10,37,3410,86,
2014,University of Nebraska,YldQtl-Val_2014_ClayCenter,"Yield QTL Validation, Yield QTL Validation,",CRD,"Clay Center, NE",CO11D1159,plot,1,10,2091,10,34,3551,80,
2014,University of Nebraska,YldQtl-Val_2014_ClayCenter,"Yield QTL Validation, Yield QTL Validation,",CRD,"Clay Center, NE",CO11D1174,plot,1,9,2087,9,40,3262,82,
2014,University of Nebraska,YldQtl-Val_2014_ClayCenter,"Yield QTL Validation, Yield QTL Validation,",CRD,"Clay Center, NE",CO11D1182,plot,1,9,2085,9,38,3948,82,
2014,University of Nebraska,YldQtl-Val_2014_ClayCenter,"Yield QTL Validation, Yield QTL Validation,",CRD,"Clay Center, NE",CO11D1186,plot,1,9,2086,9,39,3578,82,
2014,University of Nebraska,YldQtl-Val_2014_ClayCenter,"Yield QTL Validation, Yield QTL Validation,",CRD,"Clay Center, NE",CO11D1190,plot,1,9,2088,9,41,4136,84,
2014,University of Nebraska,YldQtl-Val_2014_ClayCenter,"Yield QTL Validation, Yield QTL Validation,",CRD,"Clay Center, NE",CO11D1213,plot,1,20,2198,20,41,3524,84,
2014,University of Nebraska,YldQtl-Val_2014_ClayCenter,"Yield QTL Validation, Yield QTL Validation,",CRD,"Clay Center, NE",CO11D1219,plot,1,20,2197,20,40,2448,86,
2014,University of Nebraska,YldQtl-Val_2014_ClayCenter,"Yield QTL Validation, Yield QTL Validation,",CRD,"Clay Center, NE",CO11D1221,plot,1,20,2200,20,43,3934,78,
2014,University of Nebraska,YldQtl-Val_2014_ClayCenter,"Yield QTL Validation, Yield QTL Validation,",CRD,"Clay Center, NE",CO11D1231,plot,1,20,2199,20,42,3349,84,
2014,University of Nebraska,YldQtl-Val_2014_ClayCenter,"Yield QTL Validation, Yield QTL Validation,",CRD,"Clay Center, NE",CO11D1236,plot,1,7,2068,7,41,5030,84,
2014,University of Nebraska,YldQtl-Val_2014_ClayCenter,"Yield QTL Validation, Yield QTL Validation,",CRD,"Clay Center, NE",CO11D1240,plot,1,7,2067,7,40,4196,72,
2014,University of Nebraska,YldQtl-Val_2014_ClayCenter,"Yield QTL Validation, Yield QTL Validation,",CRD,"Clay Center, NE",CO11D1248,plot,1,7,2065,7,38,4586,92,
2014,University of Nebraska,YldQtl-Val_2014_ClayCenter,"Yield QTL Validation, Yield QTL Validation,",CRD,"Clay Center, NE",CO11D1268,plot,1,7,2066,7,39,5050,82,
2014,University of Nebraska,YldQtl-Val_2014_ClayCenter,"Yield QTL Validation, Yield QTL Validation,",CRD,"Clay Center, NE",CO11D1287,plot,1,8,2076,8,39,3389,78,
2014,University of Nebraska,YldQtl-Val_2014_ClayCenter,"Yield QTL Validation, Yield QTL Validation,",CRD,"Clay Center, NE",CO11D1298,plot,1,8,2077,8,40,2798,84,
2014,University of Nebraska,YldQtl-Val_2014_ClayCenter,"Yield QTL Validation, Yield QTL Validation,",CRD,"Clay Center, NE",CO11D1302W,plot,1,8,2075,8,38,3759,84,
2014,University of Nebraska,YldQtl-Val_2014_ClayCenter,"Yield QTL Validation, Yield QTL Validation,",CRD,"Clay Center, NE",CO11D1312,plot,1,8,2078,8,41,4566,82,
2014,University of Nebraska,YldQtl-Val_2014_ClayCenter,"Yield QTL Validation, Yield QTL Validation,",CRD,"Clay Center, NE",CO11D1315W,plot,1,19,2190,19,43,2885,72,
2014,University of Nebraska,YldQtl-Val_2014_ClayCenter,"Yield QTL Validation, Yield QTL Validation,",CRD,"Clay Center, NE",CO11D1316W,plot,1,19,2187,19,40,3336,76,
2014,University of Nebraska,YldQtl-Val_2014_ClayCenter,"Yield QTL Validation, Yield QTL Validation,",CRD,"Clay Center, NE",CO11D1322,plot,1,19,2188,19,41,2656,72,
2014,University of Nebraska,YldQtl-Val_2014_ClayCenter,"Yield QTL Validation, Yield QTL Validation,",CRD,"Clay Center, NE",CO11D1341,plot,1,19,2189,19,42,3907,78,
2014,University of Nebraska,YldQtl-Val_2014_ClayCenter,"Yield QTL Validation, Yield QTL Validation,",CRD,"Clay Center, NE",CO11D1353,plot,1,2,2014,2,37,4264,86,
2014,University of Nebraska,YldQtl-Val_2014_ClayCenter,"Yield QTL Validation, Yield QTL Validation,",CRD,"Clay Center, NE",CO11D1371,plot,1,2,2016,2,39,3779,84,
2014,University of Nebraska,YldQtl-Val_2014_ClayCenter,"Yield QTL Validation, Yield QTL Validation,",CRD,"Clay Center, NE",CO11D1380,plot,1,2,2013,2,36,3793,82,
2014,University of Nebraska,YldQtl-Val_2014_ClayCenter,"Yield QTL Validation, Yield QTL Validation,",CRD,"Clay Center, NE",CO11D1397,plot,1,2,2015,2,38,3638,80,
2014,University of Nebraska,YldQtl-Val_2014_ClayCenter,"Yield QTL Validation, Yield QTL Validation,",CRD,"Clay Center, NE",CO11D1409,plot,1,2,2017,2,40,3652,92,
2014,University of Nebraska,YldQtl-Val_2014_ClayCenter,"Yield QTL Validation, Yield QTL Validation,",CRD,"Clay Center, NE",CO11D1414,plot,1,2,2019,2,42,4223,88,
2014,University of Nebraska,YldQtl-Val_2014_ClayCenter,"Yield QTL Validation, Yield QTL Validation,",CRD,"Clay Center, NE",CO11D1418,plot,1,2,2018,2,41,4781,76,
2014,University of Nebraska,YldQtl-Val_2014_ClayCenter,"Yield QTL Validation, Yield QTL Validation,",CRD,"Clay Center, NE",CO11D1431,plot,1,2,2020,2,43,4479,76,
2014,University of Nebraska,YldQtl-Val_2014_ClayCenter,"Yield QTL Validation, Yield QTL Validation,",CRD,"Clay Center, NE",CO11D1539,plot,1,3,2024,3,37,4385,90,
2014,University of Nebraska,YldQtl-Val_2014_ClayCenter,"Yield QTL Validation, Yield QTL Validation,",CRD,"Clay Center, NE",CO11D1542,plot,1,3,2026,3,39,4607,88,
2014,University of Nebraska,YldQtl-Val_2014_ClayCenter,"Yield QTL Validation, Yield QTL Validation,",CRD,"Clay Center, NE",CO11D1543,plot,1,3,2023,3,36,3638,92,
2014,University of Nebraska,YldQtl-Val_2014_ClayCenter,"Yield QTL Validation, Yield QTL Validation,",CRD,"Clay Center, NE",CO11D1545,plot,1,3,2025,3,38,4365,86,
2014,University of Nebraska,YldQtl-Val_2014_ClayCenter,"Yield QTL Validation, Yield QTL Validation,",CRD,"Clay Center, NE",CO11D1555W,plot,1,17,2167,17,40,3672,76,
2014,University of Nebraska,YldQtl-Val_2014_ClayCenter,"Yield QTL Validation, Yield QTL Validation,",CRD,"Clay Center, NE",CO11D1559,plot,1,17,2170,17,43,3248,74,
2014,University of Nebraska,YldQtl-Val_2014_ClayCenter,"Yield QTL Validation, Yield QTL Validation,",CRD,"Clay Center, NE",CO11D1584,plot,1,17,2169,17,42,2858,82,
2014,University of Nebraska,YldQtl-Val_2014_ClayCenter,"Yield QTL Validation, Yield QTL Validation,",CRD,"Clay Center, NE",CO11D1600W,plot,1,17,2168,17,41,3672,78,
2014,University of Nebraska,YldQtl-Val_2014_ClayCenter,"Yield QTL Validation, Yield QTL Validation,",CRD,"Clay Center, NE",CO11D1615,plot,1,15,2147,15,40,3941,70,
2014,University of Nebraska,YldQtl-Val_2014_ClayCenter,"Yield QTL Validation, Yield QTL Validation,",CRD,"Clay Center, NE",CO11D1620,plot,1,15,2149,15,42,3632,76,
2014,University of Nebraska,YldQtl-Val_2014_ClayCenter,"Yield QTL Validation, Yield QTL Validation,",CRD,"Clay Center, NE",CO11D1631,plot,1,15,2148,15,41,3517,80,
2014,University of Nebraska,YldQtl-Val_2014_ClayCenter,"Yield QTL Validation, Yield QTL Validation,",CRD,"Clay Center, NE",CO11D1633,plot,1,15,2150,15,43,3416,82,
2014,University of Nebraska,YldQtl-Val_2014_ClayCenter,"Yield QTL Validation, Yield QTL Validation,",CRD,"Clay Center, NE",CO11D1642,plot,1,15,2146,15,39,3053,78,
2014,University of Nebraska,YldQtl-Val_2014_ClayCenter,"Yield QTL Validation, Yield QTL Validation,",CRD,"Clay Center, NE",CO11D1644,plot,1,15,2143,15,36,2919,80,
2014,University of Nebraska,YldQtl-Val_2014_ClayCenter,"Yield QTL Validation, Yield QTL Validation,",CRD,"Clay Center, NE",CO11D1645,plot,1,15,2145,15,38,3309,82,
2014,University of Nebraska,YldQtl-Val_2014_ClayCenter,"Yield QTL Validation, Yield QTL Validation,",CRD,"Clay Center, NE",CO11D1647,plot,1,15,2144,15,37,3712,76,
2014,University of Nebraska,YldQtl-Val_2014_ClayCenter,"Yield QTL Validation, Yield QTL Validation,",CRD,"Clay Center, NE",CO11D1654,plot,1,11,2102,11,35,3705,72,
2014,University of Nebraska,YldQtl-Val_2014_ClayCenter,"Yield QTL Validation, Yield QTL Validation,",CRD,"Clay Center, NE",CO11D1656,plot,1,11,2103,11,36,3026,74,
2014,University of Nebraska,YldQtl-Val_2014_ClayCenter,"Yield QTL Validation, Yield QTL Validation,",CRD,"Clay Center, NE",CO11D1657,plot,1,11,2104,11,37,3403,78,
2014,University of Nebraska,YldQtl-Val_2014_ClayCenter,"Yield QTL Validation, Yield QTL Validation,",CRD,"Clay Center, NE",CO11D1665,plot,1,11,2101,11,34,3235,74,
2014,University of Nebraska,YldQtl-Val_2014_ClayCenter,"Yield QTL Validation, Yield QTL Validation,",CRD,"Clay Center, NE",CO11D1686,plot,1,1,2008,1,41,4492,78,
2014,University of Nebraska,YldQtl-Val_2014_ClayCenter,"Yield QTL Validation, Yield QTL Validation,",CRD,"Clay Center, NE",CO11D1715,plot,1,1,2006,1,39,3665,80,
2014,University of Nebraska,YldQtl-Val_2014_ClayCenter,"Yield QTL Validation, Yield QTL Validation,",CRD,"Clay Center, NE",CO11D1731,plot,1,1,2007,1,40,3948,76,
2014,University of Nebraska,YldQtl-Val_2014_ClayCenter,"Yield QTL Validation, Yield QTL Validation,",CRD,"Clay Center, NE",CO11D1746,plot,1,1,2005,1,38,3410,86,
2014,University of Nebraska,YldQtl-Val_2014_ClayCenter,"Yield QTL Validation, Yield QTL Validation,",CRD,"Clay Center, NE",CO11D1758W,plot,1,17,2163,17,36,2919,76,
2014,University of Nebraska,YldQtl-Val_2014_ClayCenter,"Yield QTL Validation, Yield QTL Validation,",CRD,"Clay Center, NE",CO11D1767,plot,1,17,2164,17,37,3248,76,
2014,University of Nebraska,YldQtl-Val_2014_ClayCenter,"Yield QTL Validation, Yield QTL Validation,",CRD,"Clay Center, NE",CO11D1789,plot,1,17,2162,17,35,2307,78,
2014,University of Nebraska,YldQtl-Val_2014_ClayCenter,"Yield QTL Validation, Yield QTL Validation,",CRD,"Clay Center, NE",CO11D1799,plot,1,17,2161,17,34,3127,80,
2014,University of Nebraska,YldQtl-Val_2014_ClayCenter,"Yield QTL Validation, Yield QTL Validation,",CRD,"Clay Center, NE",CT103,plot,1,13,2126,13,39,3120,74,
2014,University of Nebraska,YldQtl-Val_2014_ClayCenter,"Yield QTL Validation, Yield QTL Validation,",CRD,"Clay Center, NE",CT110,plot,1,14,2136,14,39,2535,82,
2014,University of Nebraska,YldQtl-Val_2014_ClayCenter,"Yield QTL Validation, Yield QTL Validation,",CRD,"Clay Center, NE",CT111,plot,1,14,2139,14,42,3524,76,
2014,University of Nebraska,YldQtl-Val_2014_ClayCenter,"Yield QTL Validation, Yield QTL Validation,",CRD,"Clay Center, NE",CT112,plot,1,14,2140,14,43,2192,74,
2014,University of Nebraska,YldQtl-Val_2014_ClayCenter,"Yield QTL Validation, Yield QTL Validation,",CRD,"Clay Center, NE",CT115,plot,1,13,2129,13,42,3107,78,
2014,University of Nebraska,YldQtl-Val_2014_ClayCenter,"Yield QTL Validation, Yield QTL Validation,",CRD,"Clay Center, NE",CT125,plot,1,13,2128,13,41,3309,76,
2014,University of Nebraska,YldQtl-Val_2014_ClayCenter,"Yield QTL Validation, Yield QTL Validation,",CRD,"Clay Center, NE",CT135,plot,1,14,2137,14,40,2818,78,
2014,University of Nebraska,YldQtl-Val_2014_ClayCenter,"Yield QTL Validation, Yield QTL Validation,",CRD,"Clay Center, NE",CT154,plot,1,14,2131,14,34,1688,70,
2014,University of Nebraska,YldQtl-Val_2014_ClayCenter,"Yield QTL Validation, Yield QTL Validation,",CRD,"Clay Center, NE",CT163,plot,1,14,2135,14,38,2058,78,
2014,University of Nebraska,YldQtl-Val_2014_ClayCenter,"Yield QTL Validation, Yield QTL Validation,",CRD,"Clay Center, NE",CT185,plot,1,13,2124,13,37,3504,82,
2014,University of Nebraska,YldQtl-Val_2014_ClayCenter,"Yield QTL Validation, Yield QTL Validation,",CRD,"Clay Center, NE",CT194,plot,1,13,2130,13,43,3611,70,
2014,University of Nebraska,YldQtl-Val_2014_ClayCenter,"Yield QTL Validation, Yield QTL Validation,",CRD,"Clay Center, NE",CT199,plot,1,13,2125,13,38,3618,78,
2014,University of Nebraska,YldQtl-Val_2014_ClayCenter,"Yield QTL Validation, Yield QTL Validation,",CRD,"Clay Center, NE",CT213,plot,1,13,2127,13,40,3410,82,
2014,University of Nebraska,YldQtl-Val_2014_ClayCenter,"Yield QTL Validation, Yield QTL Validation,",CRD,"Clay Center, NE",CT224,plot,1,14,2132,14,35,2125,75,
2014,University of Nebraska,YldQtl-Val_2014_ClayCenter,"Yield QTL Validation, Yield QTL Validation,",CRD,"Clay Center, NE",CT237,plot,1,13,2121,13,34,2535,70,
2014,University of Nebraska,YldQtl-Val_2014_ClayCenter,"Yield QTL Validation, Yield QTL Validation,",CRD,"Clay Center, NE",CT30,plot,1,13,2122,13,35,1970,70,
2014,University of Nebraska,YldQtl-Val_2014_ClayCenter,"Yield QTL Validation, Yield QTL Validation,",CRD,"Clay Center, NE",CT38,plot,1,14,2134,14,37,3275,78,
2014,University of Nebraska,YldQtl-Val_2014_ClayCenter,"Yield QTL Validation, Yield QTL Validation,",CRD,"Clay Center, NE",CT64,plot,1,14,2138,14,41,3026,70,
2014,University of Nebraska,YldQtl-Val_2014_ClayCenter,"Yield QTL Validation, Yield QTL Validation,",CRD,"Clay Center, NE",CT69,plot,1,13,2123,13,36,3652,90,
2014,University of Nebraska,YldQtl-Val_2014_ClayCenter,"Yield QTL Validation, Yield QTL Validation,",CRD,"Clay Center, NE",CT95,plot,1,14,2133,14,36,3847,74,
2014,University of Nebraska,YldQtl-Val_2014_ClayCenter,"Yield QTL Validation, Yield QTL Validation,",CRD,"Clay Center, NE",GOODSYN12,plot,1,19,2186,19,39,2650,100,
2014,University of Nebraska,YldQtl-Val_2014_ClayCenter,"Yield QTL Validation, Yield QTL Validation,",CRD,"Clay Center, NE",GOODSYN17,plot,1,19,2185,19,38,2650,102,
2014,University of Nebraska,YldQtl-Val_2014_ClayCenter,"Yield QTL Validation, Yield QTL Validation,",CRD,"Clay Center, NE",GOODSYN23,plot,1,11,2108,11,41,3174,100,
2014,University of Nebraska,YldQtl-Val_2014_ClayCenter,"Yield QTL Validation, Yield QTL Validation,",CRD,"Clay Center, NE",GOODSYN28,plot,1,11,2107,11,40,3087,98,
2014,University of Nebraska,YldQtl-Val_2014_ClayCenter,"Yield QTL Validation, Yield QTL Validation,",CRD,"Clay Center, NE",GOODSYN35,plot,1,8,2071,8,34,2966,96,
2014,University of Nebraska,YldQtl-Val_2014_ClayCenter,"Yield QTL Validation, Yield QTL Validation,",CRD,"Clay Center, NE",GOODSYN37,plot,1,8,2072,8,35,1365,94,
2014,University of Nebraska,YldQtl-Val_2014_ClayCenter,"Yield QTL Validation, Yield QTL Validation,",CRD,"Clay Center, NE",GOODSYN43,plot,1,20,2193,20,36,2266,92,
2014,University of Nebraska,YldQtl-Val_2014_ClayCenter,"Yield QTL Validation, Yield QTL Validation,",CRD,"Clay Center, NE",GOODSYN44,plot,1,20,2194,20,37,3679,102,
2014,University of Nebraska,YldQtl-Val_2014_ClayCenter,"Yield QTL Validation, Yield QTL Validation,",CRD,"Clay Center, NE",GOODSYN5,plot,1,16,2158,16,41,2340,100,
2014,University of Nebraska,YldQtl-Val_2014_ClayCenter,"Yield QTL Validation, Yield QTL Validation,",CRD,"Clay Center, NE",GOODSYN51,plot,1,16,2160,16,43,2280,80,
2014,University of Nebraska,YldQtl-Val_2014_ClayCenter,"Yield QTL Validation, Yield QTL Validation,",CRD,"Clay Center, NE",GOODSYN58,plot,1,16,2159,16,42,2011,92,
2014,University of Nebraska,YldQtl-Val_2014_ClayCenter,"Yield QTL Validation, Yield QTL Validation,",CRD,"Clay Center, NE",GOODSYN61,plot,1,9,2082,9,35,1607,80,
2014,University of Nebraska,YldQtl-Val_2014_ClayCenter,"Yield QTL Validation, Yield QTL Validation,",CRD,"Clay Center, NE",GOODSYN62,plot,1,9,2081,9,34,1957,88,
2014,University of Nebraska,YldQtl-Val_2014_ClayCenter,"Yield QTL Validation, Yield QTL Validation,",CRD,"Clay Center, NE",GOODSYN72,plot,1,18,2179,18,42,2582,90,
2014,University of Nebraska,YldQtl-Val_2014_ClayCenter,"Yield QTL Validation, Yield QTL Validation,",CRD,"Clay Center, NE",GOODSYN8,plot,1,16,2157,16,40,3329,100,
2014,University of Nebraska,YldQtl-Val_2014_ClayCenter,"Yield QTL Validation, Yield QTL Validation,",CRD,"Clay Center, NE",GOODSYN80,plot,1,18,2180,18,43,2394,92,
2014,University of Nebraska,YldQtl-Val_2014_ClayCenter,"Yield QTL Validation, Yield QTL Validation,",CRD,"Clay Center, NE",GOODSYN82,plot,1,15,2142,15,35,2825,86,
2014,University of Nebraska,YldQtl-Val_2014_ClayCenter,"Yield QTL Validation, Yield QTL Validation,",CRD,"Clay Center, NE",GOODSYN88,plot,1,15,2141,15,34,2636,92,
2014,University of Nebraska,YldQtl-Val_2014_ClayCenter,"Yield QTL Validation, Yield QTL Validation,",CRD,"Clay Center, NE",HW_124,plot,1,6,2053,6,36,4129,84,
2014,University of Nebraska,YldQtl-Val_2014_ClayCenter,"Yield QTL Validation, Yield QTL Validation,",CRD,"Clay Center, NE",HW_132,plot,1,6,2055,6,38,3188,92,
2014,University of Nebraska,YldQtl-Val_2014_ClayCenter,"Yield QTL Validation, Yield QTL Validation,",CRD,"Clay Center, NE",HW_133,plot,1,5,2050,5,43,3618,76,
2014,University of Nebraska,YldQtl-Val_2014_ClayCenter,"Yield QTL Validation, Yield QTL Validation,",CRD,"Clay Center, NE",HW_141,plot,1,6,2056,6,39,3403,78,
2014,University of Nebraska,YldQtl-Val_2014_ClayCenter,"Yield QTL Validation, Yield QTL Validation,",CRD,"Clay Center, NE",HW_155,plot,1,5,2049,5,42,3235,88,
2014,University of Nebraska,YldQtl-Val_2014_ClayCenter,"Yield QTL Validation, Yield QTL Validation,",CRD,"Clay Center, NE",HW_174,plot,1,6,2057,6,40,4264,86,
2014,University of Nebraska,YldQtl-Val_2014_ClayCenter,"Yield QTL Validation, Yield QTL Validation,",CRD,"Clay Center, NE",HW_175,plot,1,6,2051,6,34,3544,80,
2014,University of Nebraska,YldQtl-Val_2014_ClayCenter,"Yield QTL Validation, Yield QTL Validation,",CRD,"Clay Center, NE",HW_182,plot,1,6,2060,6,43,3968,76,
2014,University of Nebraska,YldQtl-Val_2014_ClayCenter,"Yield QTL Validation, Yield QTL Validation,",CRD,"Clay Center, NE",HW_237,plot,1,6,2059,6,42,4149,76,
2014,University of Nebraska,YldQtl-Val_2014_ClayCenter,"Yield QTL Validation, Yield QTL Validation,",CRD,"Clay Center, NE",HW_240,plot,1,5,2042,5,35,3880,86,
2014,University of Nebraska,YldQtl-Val_2014_ClayCenter,"Yield QTL Validation, Yield QTL Validation,",CRD,"Clay Center, NE",HW_246,plot,1,5,2043,5,36,3336,86,
2014,University of Nebraska,YldQtl-Val_2014_ClayCenter,"Yield QTL Validation, Yield QTL Validation,",CRD,"Clay Center, NE",HW_256,plot,1,6,2054,6,37,3591,80,
2014,University of Nebraska,YldQtl-Val_2014_ClayCenter,"Yield QTL Validation, Yield QTL Validation,",CRD,"Clay Center, NE",HW_261,plot,1,5,2044,5,37,4385,80,
2014,University of Nebraska,YldQtl-Val_2014_ClayCenter,"Yield QTL Validation, Yield QTL Validation,",CRD,"Clay Center, NE",HW_266,plot,1,5,2041,5,34,3820,78,
2014,University of Nebraska,YldQtl-Val_2014_ClayCenter,"Yield QTL Validation, Yield QTL Validation,",CRD,"Clay Center, NE",HW_267,plot,1,6,2058,6,41,3847,88,
2014,University of Nebraska,YldQtl-Val_2014_ClayCenter,"Yield QTL Validation, Yield QTL Validation,",CRD,"Clay Center, NE",HW_29,plot,1,5,2045,5,38,2784,84,
2014,University of Nebraska,YldQtl-Val_2014_ClayCenter,"Yield QTL Validation, Yield QTL Validation,",CRD,"Clay Center, NE",HW_37,plot,1,6,2052,6,35,3625,74,
2014,University of Nebraska,YldQtl-Val_2014_ClayCenter,"Yield QTL Validation, Yield QTL Validation,",CRD,"Clay Center, NE",HW_44,plot,1,5,2046,5,39,4607,80,
2014,University of Nebraska,YldQtl-Val_2014_ClayCenter,"Yield QTL Validation, Yield QTL Validation,",CRD,"Clay Center, NE",HW_83,plot,1,5,2048,5,41,2186,84,
2014,University of Nebraska,YldQtl-Val_2014_ClayCenter,"Yield QTL Validation, Yield QTL Validation,",CRD,"Clay Center, NE",HW_98,plot,1,5,2047,5,40,3632,78,
2014,University of Nebraska,YldQtl-Val_2014_ClayCenter,"Yield QTL Validation, Yield QTL Validation,",CRD,"Clay Center, NE",NE06545,plot,1,10,2093,10,36,3961,82,
2014,University of Nebraska,YldQtl-Val_2014_ClayCenter,"Yield QTL Validation, Yield QTL Validation,",CRD,"Clay Center, NE",NE12568,plot,1,3,2021,3,34,2340,82,
2014,University of Nebraska,YldQtl-Val_2014_ClayCenter,"Yield QTL Validation, Yield QTL Validation,",CRD,"Clay Center, NE",NE12571,plot,1,3,2022,3,35,3551,88,
2014,University of Nebraska,YldQtl-Val_2014_ClayCenter,"Yield QTL Validation, Yield QTL Validation,",CRD,"Clay Center, NE",NE13407,plot,1,9,2089,9,42,3208,72,
2014,University of Nebraska,YldQtl-Val_2014_ClayCenter,"Yield QTL Validation, Yield QTL Validation,",CRD,"Clay Center, NE",NE13412,plot,1,16,2151,16,34,2313,76,
2014,University of Nebraska,YldQtl-Val_2014_ClayCenter,"Yield QTL Validation, Yield QTL Validation,",CRD,"Clay Center, NE",NE13417,plot,1,9,2090,9,43,2932,80,
2014,University of Nebraska,YldQtl-Val_2014_ClayCenter,"Yield QTL Validation, Yield QTL Validation,",CRD,"Clay Center, NE",NE13441,plot,1,7,2062,7,35,4143,90,
2014,University of Nebraska,YldQtl-Val_2014_ClayCenter,"Yield QTL Validation, Yield QTL Validation,",CRD,"Clay Center, NE",NE13449,plot,1,2,2012,2,35,3356,76,
2014,University of Nebraska,YldQtl-Val_2014_ClayCenter,"Yield QTL Validation, Yield QTL Validation,",CRD,"Clay Center, NE",NE13470,plot,1,7,2070,7,43,4667,74,
2014,University of Nebraska,YldQtl-Val_2014_ClayCenter,"Yield QTL Validation, Yield QTL Validation,",CRD,"Clay Center, NE",NE13498,plot,1,19,2182,19,35,3147,82,
2014,University of Nebraska,YldQtl-Val_2014_ClayCenter,"Yield QTL Validation, Yield QTL Validation,",CRD,"Clay Center, NE",NE13510,plot,1,7,2069,7,42,3941,80,
2014,University of Nebraska,YldQtl-Val_2014_ClayCenter,"Yield QTL Validation, Yield QTL Validation,",CRD,"Clay Center, NE",NE13522,plot,1,17,2165,17,38,3060,80,
2014,University of Nebraska,YldQtl-Val_2014_ClayCenter,"Yield QTL Validation, Yield QTL Validation,",CRD,"Clay Center, NE",NE13556,plot,1,20,2195,20,38,2919,92,
2014,University of Nebraska,YldQtl-Val_2014_ClayCenter,"Yield QTL Validation, Yield QTL Validation,",CRD,"Clay Center, NE",NE13571,plot,1,19,2181,19,34,3107,84,
2014,University of Nebraska,YldQtl-Val_2014_ClayCenter,"Yield QTL Validation, Yield QTL Validation,",CRD,"Clay Center, NE",NE13589,plot,1,11,2110,11,43,3948,82,
2014,University of Nebraska,YldQtl-Val_2014_ClayCenter,"Yield QTL Validation, Yield QTL Validation,",CRD,"Clay Center, NE",NE13593,plot,1,18,2171,18,34,3490,80,
2014,University of Nebraska,YldQtl-Val_2014_ClayCenter,"Yield QTL Validation, Yield QTL Validation,",CRD,"Clay Center, NE",NE13607,plot,1,16,2153,16,36,4243,82,
2014,University of Nebraska,YldQtl-Val_2014_ClayCenter,"Yield QTL Validation, Yield QTL Validation,",CRD,"Clay Center, NE",NE13625,plot,1,18,2174,18,37,3450,90,
2014,University of Nebraska,YldQtl-Val_2014_ClayCenter,"Yield QTL Validation, Yield QTL Validation,",CRD,"Clay Center, NE",NE13627,plot,1,20,2196,20,39,3329,78,
2014,University of Nebraska,YldQtl-Val_2014_ClayCenter,"Yield QTL Validation, Yield QTL Validation,",CRD,"Clay Center, NE",NE13628,plot,1,2,2011,2,34,3329,84,
2014,University of Nebraska,YldQtl-Val_2014_ClayCenter,"Yield QTL Validation, Yield QTL Validation,",CRD,"Clay Center, NE",NE13630,plot,1,16,2152,16,35,2831,72,
2014,University of Nebraska,YldQtl-Val_2014_ClayCenter,"Yield QTL Validation, Yield QTL Validation,",CRD,"Clay Center, NE",NE13637,plot,1,16,2154,16,37,2818,78,
2014,University of Nebraska,YldQtl-Val_2014_ClayCenter,"Yield QTL Validation, Yield QTL Validation,",CRD,"Clay Center, NE",NE13638,plot,1,7,2061,7,34,3692,84,
2014,University of Nebraska,YldQtl-Val_2014_ClayCenter,"Yield QTL Validation, Yield QTL Validation,",CRD,"Clay Center, NE",NE13639,plot,1,17,2166,17,39,3544,82,
2014,University of Nebraska,YldQtl-Val_2014_ClayCenter,"Yield QTL Validation, Yield QTL Validation,",CRD,"Clay Center, NE",NE13655,plot,1,11,2106,11,39,1782,94,
2014,University of Nebraska,YldQtl-Val_2014_ClayCenter,"Yield QTL Validation, Yield QTL Validation,",CRD,"Clay Center, NE",NE13660,plot,1,11,2105,11,38,3605,90,
2014,University of Nebraska,YldQtl-Val_2014_ClayCenter,"Yield QTL Validation, Yield QTL Validation,",CRD,"Clay Center, NE",NE13680,plot,1,18,2172,18,35,3114,94,
2014,University of Nebraska,YldQtl-Val_2014_ClayCenter,"Yield QTL Validation, Yield QTL Validation,",CRD,"Clay Center, NE",NE13695,plot,1,18,2173,18,36,3289,94,
2014,University of Nebraska,YldQtl-Val_2014_ClayCenter,"Yield QTL Validation, Yield QTL Validation,",CRD,"Clay Center, NE",NE13697,plot,1,3,2027,3,40,4539,86,
2014,University of Nebraska,YldQtl-Val_2014_ClayCenter,"Yield QTL Validation, Yield QTL Validation,",CRD,"Clay Center, NE",NE13698,plot,1,3,2028,3,41,4452,84,
2014,University of Nebraska,YldQtl-Val_2014_ClayCenter,"Yield QTL Validation, Yield QTL Validation,",CRD,"Clay Center, NE",NE13700,plot,1,11,2109,11,42,3477,88,
2014,University of Nebraska,YldQtl-Val_2014_ClayCenter,"Yield QTL Validation, Yield QTL Validation,",CRD,"Clay Center, NE",NH13415,plot,1,10,2095,10,38,4089,84,
2014,University of Nebraska,YldQtl-Val_2014_ClayCenter,"Yield QTL Validation, Yield QTL Validation,",CRD,"Clay Center, NE",NH13606,plot,1,10,2096,10,39,3665,76,
2014,University of Nebraska,YldQtl-Val_2014_ClayCenter,"Yield QTL Validation, Yield QTL Validation,",CRD,"Clay Center, NE",NH13692,plot,1,8,2074,8,37,4506,98,
2014,University of Nebraska,YldQtl-Val_2014_ClayCenter,"Yield QTL Validation, Yield QTL Validation,",CRD,"Clay Center, NE",NH13693,plot,1,8,2073,8,36,3369,90,
2014,University of Nebraska,YldQtl-Val_2014_ClayCenter,"Yield QTL Validation, Yield QTL Validation,",CRD,"Clay Center, NE",NW13455,plot,1,1,2009,1,42,3887,82,
2014,University of Nebraska,YldQtl-Val_2014_ClayCenter,"Yield QTL Validation, Yield QTL Validation,",CRD,"Clay Center, NE",NW13457,plot,1,1,2002,1,35,3383,80,
2014,University of Nebraska,YldQtl-Val_2014_ClayCenter,"Yield QTL Validation, Yield QTL Validation,",CRD,"Clay Center, NE",NW13499,plot,1,10,2100,10,43,3813,90,
2014,University of Nebraska,YldQtl-Val_2014_ClayCenter,"Yield QTL Validation, Yield QTL Validation,",CRD,"Clay Center, NE",NW13502,plot,1,1,2003,1,36,3753,84,
2014,University of Nebraska,YldQtl-Val_2014_ClayCenter,"Yield QTL Validation, Yield QTL Validation,",CRD,"Clay Center, NE",NW13516,plot,1,19,2184,19,37,3248,74,
2014,University of Nebraska,YldQtl-Val_2014_ClayCenter,"Yield QTL Validation, Yield QTL Validation,",CRD,"Clay Center, NE",NW13526,plot,1,1,2010,1,43,3759,80,
2014,University of Nebraska,YldQtl-Val_2014_ClayCenter,"Yield QTL Validation, Yield QTL Validation,",CRD,"Clay Center, NE",NW13536,plot,1,8,2079,8,42,4089,70,
2014,University of Nebraska,YldQtl-Val_2014_ClayCenter,"Yield QTL Validation, Yield QTL Validation,",CRD,"Clay Center, NE",NW13559,plot,1,7,2063,7,36,4365,80,
2014,University of Nebraska,YldQtl-Val_2014_ClayCenter,"Yield QTL Validation, Yield QTL Validation,",CRD,"Clay Center, NE",NW13563,plot,1,19,2183,19,36,3329,70,
2014,University of Nebraska,YldQtl-Val_2014_ClayCenter,"Yield QTL Validation, Yield QTL Validation,",CRD,"Clay Center, NE",NW13572,plot,1,10,2099,10,42,3806,92,
2014,University of Nebraska,YldQtl-Val_2014_ClayCenter,"Yield QTL Validation, Yield QTL Validation,",CRD,"Clay Center, NE",NW13575,plot,1,1,2004,1,37,3188,84,
2014,University of Nebraska,YldQtl-Val_2014_ClayCenter,"Yield QTL Validation, Yield QTL Validation,",CRD,"Clay Center, NE",NW13596,plot,1,7,2064,7,37,3652,90,
2014,University of Nebraska,YldQtl-Val_2014_ClayCenter,"Yield QTL Validation, Yield QTL Validation,",CRD,"Clay Center, NE",NW13615,plot,1,1,2001,1,34,3423,82,
2014,University of Nebraska,YldQtl-Val_2014_ClayCenter,"Yield QTL Validation, Yield QTL Validation,",CRD,"Clay Center, NE",NW13652,plot,1,3,2029,3,42,3847,92,
2014,University of Nebraska,YldQtl-Val_2014_ClayCenter,"Yield QTL Validation, Yield QTL Validation,",CRD,"Clay Center, NE",NW13666,plot,1,8,2080,8,43,3847,60,
2014,University of Nebraska,YldQtl-Val_2014_ClayCenter,"Yield QTL Validation, Yield QTL Validation,",CRD,"Clay Center, NE",NW13669,plot,1,3,2030,3,43,4250,84,
2014,University of Nebraska,YldQtl-Val_2014_ClayCenter,"Yield QTL Validation, Yield QTL Validation,",CRD,"Clay Center, NE",TX1112_10,plot,1,22,3118,22,41,3652,74,
2014,University of Nebraska,YldQtl-Val_2014_ClayCenter,"Yield QTL Validation, Yield QTL Validation,",CRD,"Clay Center, NE",TX1112_105,plot,1,21,3101,21,34,2959,82,
2014,University of Nebraska,YldQtl-Val_2014_ClayCenter,"Yield QTL Validation, Yield QTL Validation,",CRD,"Clay Center, NE",TX1112_108,plot,1,21,3102,21,35,2912,80,
2014,University of Nebraska,YldQtl-Val_2014_ClayCenter,"Yield QTL Validation, Yield QTL Validation,",CRD,"Clay Center, NE",TX1112_11,plot,1,21,3103,21,36,3188,74,
2014,University of Nebraska,YldQtl-Val_2014_ClayCenter,"Yield QTL Validation, Yield QTL Validation,",CRD,"Clay Center, NE",TX1112_111,plot,1,21,3110,21,43,3188,84,
2014,University of Nebraska,YldQtl-Val_2014_ClayCenter,"Yield QTL Validation, Yield QTL Validation,",CRD,"Clay Center, NE",TX1112_112,plot,1,22,3119,22,42,3073,80,
2014,University of Nebraska,YldQtl-Val_2014_ClayCenter,"Yield QTL Validation, Yield QTL Validation,",CRD,"Clay Center, NE",TX1112_113,plot,1,22,3116,22,39,3510,74,
2014,University of Nebraska,YldQtl-Val_2014_ClayCenter,"Yield QTL Validation, Yield QTL Validation,",CRD,"Clay Center, NE",TX1112_115,plot,1,22,3112,22,35,3537,80,
2014,University of Nebraska,YldQtl-Val_2014_ClayCenter,"Yield QTL Validation, Yield QTL Validation,",CRD,"Clay Center, NE",TX1112_119,plot,1,22,3111,22,34,3201,82,
2014,University of Nebraska,YldQtl-Val_2014_ClayCenter,"Yield QTL Validation, Yield QTL Validation,",CRD,"Clay Center, NE",TX1112_122,plot,1,21,3104,21,37,3221,80,
2014,University of Nebraska,YldQtl-Val_2014_ClayCenter,"Yield QTL Validation, Yield QTL Validation,",CRD,"Clay Center, NE",TX1112_123,plot,1,22,3115,22,38,3389,82,
2014,University of Nebraska,YldQtl-Val_2014_ClayCenter,"Yield QTL Validation, Yield QTL Validation,",CRD,"Clay Center, NE",TX1112_124,plot,1,22,3120,22,43,3363,70,
2014,University of Nebraska,YldQtl-Val_2014_ClayCenter,"Yield QTL Validation, Yield QTL Validation,",CRD,"Clay Center, NE",TX1112_46,plot,1,21,3109,21,42,3161,70,
2014,University of Nebraska,YldQtl-Val_2014_ClayCenter,"Yield QTL Validation, Yield QTL Validation,",CRD,"Clay Center, NE",TX1112_48,plot,1,21,3107,21,40,3995,82,
2014,University of Nebraska,YldQtl-Val_2014_ClayCenter,"Yield QTL Validation, Yield QTL Validation,",CRD,"Clay Center, NE",TX1112_52,plot,1,21,3108,21,41,3833,76,
2014,University of Nebraska,YldQtl-Val_2014_ClayCenter,"Yield QTL Validation, Yield QTL Validation,",CRD,"Clay Center, NE",TX1112_63,plot,1,22,3114,22,37,3497,76,
2014,University of Nebraska,YldQtl-Val_2014_ClayCenter,"Yield QTL Validation, Yield QTL Validation,",CRD,"Clay Center, NE",TX1112_65,plot,1,21,3106,21,39,3383,82,
2014,University of Nebraska,YldQtl-Val_2014_ClayCenter,"Yield QTL Validation, Yield QTL Validation,",CRD,"Clay Center, NE",TX1112_67,plot,1,22,3117,22,40,3228,88,
2014,University of Nebraska,YldQtl-Val_2014_ClayCenter,"Yield QTL Validation, Yield QTL Validation,",CRD,"Clay Center, NE",TX1112_69,plot,1,22,3113,22,36,3073,84,
2014,University of Nebraska,YldQtl-Val_2014_ClayCenter,"Yield QTL Validation, Yield QTL Validation,",CRD,"Clay Center, NE",TX1112_87,plot,1,21,3105,21,38,3356,74,
2014,University of Nebraska,YldQtl-Val_2014_ClayCenter,"Yield QTL Validation, Yield QTL Validation,",CRD,"Clay Center, NE",11_26,plot,2,17,2365,17,48,2360,77,
2014,University of Nebraska,YldQtl-Val_2014_ClayCenter,"Yield QTL Validation, Yield QTL Validation,",CRD,"Clay Center, NE",11_73,plot,2,17,2366,17,49,3134,82,
2014,University of Nebraska,YldQtl-Val_2014_ClayCenter,"Yield QTL Validation, Yield QTL Validation,",CRD,"Clay Center, NE",13_13,plot,2,12,2313,12,46,3403,80,
2014,University of Nebraska,YldQtl-Val_2014_ClayCenter,"Yield QTL Validation, Yield QTL Validation,",CRD,"Clay Center, NE",13_59,plot,2,12,2314,12,47,3167,72,
2014,University of Nebraska,YldQtl-Val_2014_ClayCenter,"Yield QTL Validation, Yield QTL Validation,",CRD,"Clay Center, NE",14_10,plot,2,7,2264,7,47,3638,80,
2014,University of Nebraska,YldQtl-Val_2014_ClayCenter,"Yield QTL Validation, Yield QTL Validation,",CRD,"Clay Center, NE",14_2,plot,2,7,2261,7,44,3531,82,
2014,University of Nebraska,YldQtl-Val_2014_ClayCenter,"Yield QTL Validation, Yield QTL Validation,",CRD,"Clay Center, NE",14_22,plot,2,7,2269,7,52,3033,80,
2014,University of Nebraska,YldQtl-Val_2014_ClayCenter,"Yield QTL Validation, Yield QTL Validation,",CRD,"Clay Center, NE",14_23,plot,2,7,2263,7,46,3544,80,
2014,University of Nebraska,YldQtl-Val_2014_ClayCenter,"Yield QTL Validation, Yield QTL Validation,",CRD,"Clay Center, NE",14_31,plot,2,7,2270,7,53,3322,70,
2014,University of Nebraska,YldQtl-Val_2014_ClayCenter,"Yield QTL Validation, Yield QTL Validation,",CRD,"Clay Center, NE",14_65,plot,2,7,2262,7,45,4028,85,
2014,University of Nebraska,YldQtl-Val_2014_ClayCenter,"Yield QTL Validation, Yield QTL Validation,",CRD,"Clay Center, NE",14_66,plot,2,7,2266,7,49,3497,83,
2014,University of Nebraska,YldQtl-Val_2014_ClayCenter,"Yield QTL Validation, Yield QTL Validation,",CRD,"Clay Center, NE",14_71,plot,2,7,2268,7,51,3887,80,
2014,University of Nebraska,YldQtl-Val_2014_ClayCenter,"Yield QTL Validation, Yield QTL Validation,",CRD,"Clay Center, NE",14_83,plot,2,7,2265,7,48,3934,80,
2014,University of Nebraska,YldQtl-Val_2014_ClayCenter,"Yield QTL Validation, Yield QTL Validation,",CRD,"Clay Center, NE",14_88,plot,2,7,2267,7,50,3490,84,
2014,University of Nebraska,YldQtl-Val_2014_ClayCenter,"Yield QTL Validation, Yield QTL Validation,",CRD,"Clay Center, NE",15_18,plot,2,2,2217,2,50,3295,80,
2014,University of Nebraska,YldQtl-Val_2014_ClayCenter,"Yield QTL Validation, Yield QTL Validation,",CRD,"Clay Center, NE",15_44,plot,2,2,2218,2,51,3235,82,
2014,University of Nebraska,YldQtl-Val_2014_ClayCenter,"Yield QTL Validation, Yield QTL Validation,",CRD,"Clay Center, NE",4_12,plot,2,3,2222,3,45,3383,84,
2014,University of Nebraska,YldQtl-Val_2014_ClayCenter,"Yield QTL Validation, Yield QTL Validation,",CRD,"Clay Center, NE",4_19,plot,2,3,2221,3,44,3208,78,
2014,University of Nebraska,YldQtl-Val_2014_ClayCenter,"Yield QTL Validation, Yield QTL Validation,",CRD,"Clay Center, NE",7_101,plot,2,18,2379,18,52,3457,82,
2014,University of Nebraska,YldQtl-Val_2014_ClayCenter,"Yield QTL Validation, Yield QTL Validation,",CRD,"Clay Center, NE",7_105,plot,2,18,2377,18,50,2777,80,
2014,University of Nebraska,YldQtl-Val_2014_ClayCenter,"Yield QTL Validation, Yield QTL Validation,",CRD,"Clay Center, NE",7_11,plot,2,18,2372,18,45,3632,80,
2014,University of Nebraska,YldQtl-Val_2014_ClayCenter,"Yield QTL Validation, Yield QTL Validation,",CRD,"Clay Center, NE",7_140,plot,2,18,2373,18,46,3376,80,
2014,University of Nebraska,YldQtl-Val_2014_ClayCenter,"Yield QTL Validation, Yield QTL Validation,",CRD,"Clay Center, NE",7_29,plot,2,18,2380,18,53,2455,85,
2014,University of Nebraska,YldQtl-Val_2014_ClayCenter,"Yield QTL Validation, Yield QTL Validation,",CRD,"Clay Center, NE",7_45,plot,2,18,2378,18,51,3504,80,
2014,University of Nebraska,YldQtl-Val_2014_ClayCenter,"Yield QTL Validation, Yield QTL Validation,",CRD,"Clay Center, NE",7_55,plot,2,18,2376,18,49,3181,90,
2014,University of Nebraska,YldQtl-Val_2014_ClayCenter,"Yield QTL Validation, Yield QTL Validation,",CRD,"Clay Center, NE",7_61,plot,2,18,2374,18,47,3315,80,
2014,University of Nebraska,YldQtl-Val_2014_ClayCenter,"Yield QTL Validation, Yield QTL Validation,",CRD,"Clay Center, NE",7_86,plot,2,18,2371,18,44,2798,76,
2014,University of Nebraska,YldQtl-Val_2014_ClayCenter,"Yield QTL Validation, Yield QTL Validation,",CRD,"Clay Center, NE",7_9,plot,2,18,2375,18,48,2434,82,
2014,University of Nebraska,YldQtl-Val_2014_ClayCenter,"Yield QTL Validation, Yield QTL Validation,",CRD,"Clay Center, NE",CO11D1111,plot,2,17,2367,17,50,3134,80,
2014,University of Nebraska,YldQtl-Val_2014_ClayCenter,"Yield QTL Validation, Yield QTL Validation,",CRD,"Clay Center, NE",CO11D1119,plot,2,17,2370,17,53,2535,81,
2014,University of Nebraska,YldQtl-Val_2014_ClayCenter,"Yield QTL Validation, Yield QTL Validation,",CRD,"Clay Center, NE",CO11D1125,plot,2,17,2369,17,52,2791,88,
2014,University of Nebraska,YldQtl-Val_2014_ClayCenter,"Yield QTL Validation, Yield QTL Validation,",CRD,"Clay Center, NE",CO11D1127,plot,2,17,2368,17,51,2710,80,
2014,University of Nebraska,YldQtl-Val_2014_ClayCenter,"Yield QTL Validation, Yield QTL Validation,",CRD,"Clay Center, NE",CO11D1140,plot,2,8,2274,8,47,3255,84,
2014,University of Nebraska,YldQtl-Val_2014_ClayCenter,"Yield QTL Validation, Yield QTL Validation,",CRD,"Clay Center, NE",CO11D1156,plot,2,8,2275,8,48,3403,85,
2014,University of Nebraska,YldQtl-Val_2014_ClayCenter,"Yield QTL Validation, Yield QTL Validation,",CRD,"Clay Center, NE",CO11D1159,plot,2,8,2276,8,49,3800,85,
2014,University of Nebraska,YldQtl-Val_2014_ClayCenter,"Yield QTL Validation, Yield QTL Validation,",CRD,"Clay Center, NE",CO11D1174,plot,2,14,2338,14,51,3188,84,
2014,University of Nebraska,YldQtl-Val_2014_ClayCenter,"Yield QTL Validation, Yield QTL Validation,",CRD,"Clay Center, NE",CO11D1182,plot,2,14,2337,14,50,3786,76,
2014,University of Nebraska,YldQtl-Val_2014_ClayCenter,"Yield QTL Validation, Yield QTL Validation,",CRD,"Clay Center, NE",CO11D1186,plot,2,14,2340,14,53,2717,78,
2014,University of Nebraska,YldQtl-Val_2014_ClayCenter,"Yield QTL Validation, Yield QTL Validation,",CRD,"Clay Center, NE",CO11D1190,plot,2,14,2339,14,52,3477,80,
2014,University of Nebraska,YldQtl-Val_2014_ClayCenter,"Yield QTL Validation, Yield QTL Validation,",CRD,"Clay Center, NE",CO11D1213,plot,2,17,2361,17,44,3255,75,
2014,University of Nebraska,YldQtl-Val_2014_ClayCenter,"Yield QTL Validation, Yield QTL Validation,",CRD,"Clay Center, NE",CO11D1219,plot,2,17,2363,17,46,3558,85,
2014,University of Nebraska,YldQtl-Val_2014_ClayCenter,"Yield QTL Validation, Yield QTL Validation,",CRD,"Clay Center, NE",CO11D1221,plot,2,17,2364,17,47,3436,78,
2014,University of Nebraska,YldQtl-Val_2014_ClayCenter,"Yield QTL Validation, Yield QTL Validation,",CRD,"Clay Center, NE",CO11D1231,plot,2,17,2362,17,45,2737,80,
2014,University of Nebraska,YldQtl-Val_2014_ClayCenter,"Yield QTL Validation, Yield QTL Validation,",CRD,"Clay Center, NE",CO11D1236,plot,2,9,2287,9,50,4338,88,
2014,University of Nebraska,YldQtl-Val_2014_ClayCenter,"Yield QTL Validation, Yield QTL Validation,",CRD,"Clay Center, NE",CO11D1240,plot,2,9,2288,9,51,1715,66,
2014,University of Nebraska,YldQtl-Val_2014_ClayCenter,"Yield QTL Validation, Yield QTL Validation,",CRD,"Clay Center, NE",CO11D1248,plot,2,9,2290,9,53,3773,88,
2014,University of Nebraska,YldQtl-Val_2014_ClayCenter,"Yield QTL Validation, Yield QTL Validation,",CRD,"Clay Center, NE",CO11D1268,plot,2,9,2289,9,52,3383,73,
2014,University of Nebraska,YldQtl-Val_2014_ClayCenter,"Yield QTL Validation, Yield QTL Validation,",CRD,"Clay Center, NE",CO11D1287,plot,2,6,2259,6,52,3241,88,
2014,University of Nebraska,YldQtl-Val_2014_ClayCenter,"Yield QTL Validation, Yield QTL Validation,",CRD,"Clay Center, NE",CO11D1298,plot,2,6,2260,6,53,3800,85,
2014,University of Nebraska,YldQtl-Val_2014_ClayCenter,"Yield QTL Validation, Yield QTL Validation,",CRD,"Clay Center, NE",CO11D1302W,plot,2,6,2258,6,51,3376,78,
2014,University of Nebraska,YldQtl-Val_2014_ClayCenter,"Yield QTL Validation, Yield QTL Validation,",CRD,"Clay Center, NE",CO11D1312,plot,2,6,2257,6,50,3786,83,
2014,University of Nebraska,YldQtl-Val_2014_ClayCenter,"Yield QTL Validation, Yield QTL Validation,",CRD,"Clay Center, NE",CO11D1315W,plot,2,14,2333,14,46,3134,72,
2014,University of Nebraska,YldQtl-Val_2014_ClayCenter,"Yield QTL Validation, Yield QTL Validation,",CRD,"Clay Center, NE",CO11D1316W,plot,2,14,2331,14,44,3040,75,
2014,University of Nebraska,YldQtl-Val_2014_ClayCenter,"Yield QTL Validation, Yield QTL Validation,",CRD,"Clay Center, NE",CO11D1322,plot,2,14,2334,14,47,2744,80,
2014,University of Nebraska,YldQtl-Val_2014_ClayCenter,"Yield QTL Validation, Yield QTL Validation,",CRD,"Clay Center, NE",CO11D1341,plot,2,14,2332,14,45,3672,78,
2014,University of Nebraska,YldQtl-Val_2014_ClayCenter,"Yield QTL Validation, Yield QTL Validation,",CRD,"Clay Center, NE",CO11D1353,plot,2,12,2319,12,52,3322,88,
2014,University of Nebraska,YldQtl-Val_2014_ClayCenter,"Yield QTL Validation, Yield QTL Validation,",CRD,"Clay Center, NE",CO11D1371,plot,2,12,2318,12,51,3067,86,
2014,University of Nebraska,YldQtl-Val_2014_ClayCenter,"Yield QTL Validation, Yield QTL Validation,",CRD,"Clay Center, NE",CO11D1380,plot,2,12,2317,12,50,3255,85,
2014,University of Nebraska,YldQtl-Val_2014_ClayCenter,"Yield QTL Validation, Yield QTL Validation,",CRD,"Clay Center, NE",CO11D1397,plot,2,12,2320,12,53,3215,75,
2014,University of Nebraska,YldQtl-Val_2014_ClayCenter,"Yield QTL Validation, Yield QTL Validation,",CRD,"Clay Center, NE",CO11D1409,plot,2,1,2209,1,52,3396,82,
2014,University of Nebraska,YldQtl-Val_2014_ClayCenter,"Yield QTL Validation, Yield QTL Validation,",CRD,"Clay Center, NE",CO11D1414,plot,2,1,2208,1,51,3262,80,
2014,University of Nebraska,YldQtl-Val_2014_ClayCenter,"Yield QTL Validation, Yield QTL Validation,",CRD,"Clay Center, NE",CO11D1418,plot,2,1,2210,1,53,3833,78,
2014,University of Nebraska,YldQtl-Val_2014_ClayCenter,"Yield QTL Validation, Yield QTL Validation,",CRD,"Clay Center, NE",CO11D1431,plot,2,1,2207,1,50,3665,82,
2014,University of Nebraska,YldQtl-Val_2014_ClayCenter,"Yield QTL Validation, Yield QTL Validation,",CRD,"Clay Center, NE",CO11D1539,plot,2,13,2326,13,49,3853,86,
2014,University of Nebraska,YldQtl-Val_2014_ClayCenter,"Yield QTL Validation, Yield QTL Validation,",CRD,"Clay Center, NE",CO11D1542,plot,2,13,2324,13,47,3665,84,
2014,University of Nebraska,YldQtl-Val_2014_ClayCenter,"Yield QTL Validation, Yield QTL Validation,",CRD,"Clay Center, NE",CO11D1543,plot,2,13,2323,13,46,3060,90,
2014,University of Nebraska,YldQtl-Val_2014_ClayCenter,"Yield QTL Validation, Yield QTL Validation,",CRD,"Clay Center, NE",CO11D1545,plot,2,13,2325,13,48,3490,82,
2014,University of Nebraska,YldQtl-Val_2014_ClayCenter,"Yield QTL Validation, Yield QTL Validation,",CRD,"Clay Center, NE",CO11D1555W,plot,2,11,2307,11,50,3571,85,
2014,University of Nebraska,YldQtl-Val_2014_ClayCenter,"Yield QTL Validation, Yield QTL Validation,",CRD,"Clay Center, NE",CO11D1559,plot,2,11,2309,11,52,3201,82,
2014,University of Nebraska,YldQtl-Val_2014_ClayCenter,"Yield QTL Validation, Yield QTL Validation,",CRD,"Clay Center, NE",CO11D1584,plot,2,11,2310,11,53,2858,84,
2014,University of Nebraska,YldQtl-Val_2014_ClayCenter,"Yield QTL Validation, Yield QTL Validation,",CRD,"Clay Center, NE",CO11D1600W,plot,2,11,2308,11,51,3470,82,
2014,University of Nebraska,YldQtl-Val_2014_ClayCenter,"Yield QTL Validation, Yield QTL Validation,",CRD,"Clay Center, NE",CO11D1615,plot,2,13,2329,13,52,2804,80,
2014,University of Nebraska,YldQtl-Val_2014_ClayCenter,"Yield QTL Validation, Yield QTL Validation,",CRD,"Clay Center, NE",CO11D1620,plot,2,13,2328,13,51,3510,78,
2014,University of Nebraska,YldQtl-Val_2014_ClayCenter,"Yield QTL Validation, Yield QTL Validation,",CRD,"Clay Center, NE",CO11D1631,plot,2,13,2327,13,50,2663,80,
2014,University of Nebraska,YldQtl-Val_2014_ClayCenter,"Yield QTL Validation, Yield QTL Validation,",CRD,"Clay Center, NE",CO11D1633,plot,2,13,2330,13,53,2845,84,
2014,University of Nebraska,YldQtl-Val_2014_ClayCenter,"Yield QTL Validation, Yield QTL Validation,",CRD,"Clay Center, NE",CO11D1642,plot,2,8,2279,8,52,2300,80,
2014,University of Nebraska,YldQtl-Val_2014_ClayCenter,"Yield QTL Validation, Yield QTL Validation,",CRD,"Clay Center, NE",CO11D1644,plot,2,8,2278,8,51,2589,78,
2014,University of Nebraska,YldQtl-Val_2014_ClayCenter,"Yield QTL Validation, Yield QTL Validation,",CRD,"Clay Center, NE",CO11D1645,plot,2,8,2280,8,53,2972,75,
2014,University of Nebraska,YldQtl-Val_2014_ClayCenter,"Yield QTL Validation, Yield QTL Validation,",CRD,"Clay Center, NE",CO11D1647,plot,2,8,2277,8,50,3914,78,
2014,University of Nebraska,YldQtl-Val_2014_ClayCenter,"Yield QTL Validation, Yield QTL Validation,",CRD,"Clay Center, NE",CO11D1654,plot,2,1,2202,1,45,3336,72,
2014,University of Nebraska,YldQtl-Val_2014_ClayCenter,"Yield QTL Validation, Yield QTL Validation,",CRD,"Clay Center, NE",CO11D1656,plot,2,1,2204,1,47,2475,76,
2014,University of Nebraska,YldQtl-Val_2014_ClayCenter,"Yield QTL Validation, Yield QTL Validation,",CRD,"Clay Center, NE",CO11D1657,plot,2,1,2201,1,44,3329,77,
2014,University of Nebraska,YldQtl-Val_2014_ClayCenter,"Yield QTL Validation, Yield QTL Validation,",CRD,"Clay Center, NE",CO11D1665,plot,2,1,2203,1,46,2972,74,
2014,University of Nebraska,YldQtl-Val_2014_ClayCenter,"Yield QTL Validation, Yield QTL Validation,",CRD,"Clay Center, NE",CO11D1686,plot,2,19,2387,19,50,2354,70,
2014,University of Nebraska,YldQtl-Val_2014_ClayCenter,"Yield QTL Validation, Yield QTL Validation,",CRD,"Clay Center, NE",CO11D1715,plot,2,19,2390,19,53,3201,83,
2014,University of Nebraska,YldQtl-Val_2014_ClayCenter,"Yield QTL Validation, Yield QTL Validation,",CRD,"Clay Center, NE",CO11D1731,plot,2,19,2388,19,51,1701,70,
2014,University of Nebraska,YldQtl-Val_2014_ClayCenter,"Yield QTL Validation, Yield QTL Validation,",CRD,"Clay Center, NE",CO11D1746,plot,2,19,2389,19,52,1809,80,
2014,University of Nebraska,YldQtl-Val_2014_ClayCenter,"Yield QTL Validation, Yield QTL Validation,",CRD,"Clay Center, NE",CO11D1758W,plot,2,11,2303,11,46,3154,82,
2014,University of Nebraska,YldQtl-Val_2014_ClayCenter,"Yield QTL Validation, Yield QTL Validation,",CRD,"Clay Center, NE",CO11D1767,plot,2,11,2306,11,49,3221,78,
2014,University of Nebraska,YldQtl-Val_2014_ClayCenter,"Yield QTL Validation, Yield QTL Validation,",CRD,"Clay Center, NE",CO11D1789,plot,2,11,2305,11,48,2603,80,
2014,University of Nebraska,YldQtl-Val_2014_ClayCenter,"Yield QTL Validation, Yield QTL Validation,",CRD,"Clay Center, NE",CO11D1799,plot,2,11,2304,11,47,3443,72,
2014,University of Nebraska,YldQtl-Val_2014_ClayCenter,"Yield QTL Validation, Yield QTL Validation,",CRD,"Clay Center, NE",CT103,plot,2,22,3211,22,44,2818,66,
2014,University of Nebraska,YldQtl-Val_2014_ClayCenter,"Yield QTL Validation, Yield QTL Validation,",CRD,"Clay Center, NE",CT110,plot,2,21,3201,21,44,1688,70,
2014,University of Nebraska,YldQtl-Val_2014_ClayCenter,"Yield QTL Validation, Yield QTL Validation,",CRD,"Clay Center, NE",CT111,plot,2,22,3212,22,45,2952,74,
2014,University of Nebraska,YldQtl-Val_2014_ClayCenter,"Yield QTL Validation, Yield QTL Validation,",CRD,"Clay Center, NE",CT112,plot,2,22,3213,22,46,1816,76,
2014,University of Nebraska,YldQtl-Val_2014_ClayCenter,"Yield QTL Validation, Yield QTL Validation,",CRD,"Clay Center, NE",CT115,plot,2,22,3219,22,52,2112,72,
2014,University of Nebraska,YldQtl-Val_2014_ClayCenter,"Yield QTL Validation, Yield QTL Validation,",CRD,"Clay Center, NE",CT125,plot,2,22,3215,22,48,2589,80,
2014,University of Nebraska,YldQtl-Val_2014_ClayCenter,"Yield QTL Validation, Yield QTL Validation,",CRD,"Clay Center, NE",CT135,plot,2,21,3205,21,48,2354,70,
2014,University of Nebraska,YldQtl-Val_2014_ClayCenter,"Yield QTL Validation, Yield QTL Validation,",CRD,"Clay Center, NE",CT154,plot,2,22,3214,22,47,1722,68,
2014,University of Nebraska,YldQtl-Val_2014_ClayCenter,"Yield QTL Validation, Yield QTL Validation,",CRD,"Clay Center, NE",CT163,plot,2,22,3220,22,53,1735,68,
2014,University of Nebraska,YldQtl-Val_2014_ClayCenter,"Yield QTL Validation, Yield QTL Validation,",CRD,"Clay Center, NE",CT185,plot,2,21,3203,21,46,2979,74,
2014,University of Nebraska,YldQtl-Val_2014_ClayCenter,"Yield QTL Validation, Yield QTL Validation,",CRD,"Clay Center, NE",CT194,plot,2,21,3204,21,47,3329,74,
2014,University of Nebraska,YldQtl-Val_2014_ClayCenter,"Yield QTL Validation, Yield QTL Validation,",CRD,"Clay Center, NE",CT199,plot,2,21,3209,21,52,2085,80,
2014,University of Nebraska,YldQtl-Val_2014_ClayCenter,"Yield QTL Validation, Yield QTL Validation,",CRD,"Clay Center, NE",CT213,plot,2,22,3217,22,50,3235,80,
2014,University of Nebraska,YldQtl-Val_2014_ClayCenter,"Yield QTL Validation, Yield QTL Validation,",CRD,"Clay Center, NE",CT224,plot,2,21,3207,21,50,1681,75,
2014,University of Nebraska,YldQtl-Val_2014_ClayCenter,"Yield QTL Validation, Yield QTL Validation,",CRD,"Clay Center, NE",CT237,plot,2,21,3202,21,45,2455,66,
2014,University of Nebraska,YldQtl-Val_2014_ClayCenter,"Yield QTL Validation, Yield QTL Validation,",CRD,"Clay Center, NE",CT30,plot,2,21,3210,21,53,1392,68,
2014,University of Nebraska,YldQtl-Val_2014_ClayCenter,"Yield QTL Validation, Yield QTL Validation,",CRD,"Clay Center, NE",CT38,plot,2,22,3216,22,49,2784,86,
2014,University of Nebraska,YldQtl-Val_2014_ClayCenter,"Yield QTL Validation, Yield QTL Validation,",CRD,"Clay Center, NE",CT64,plot,2,21,3206,21,49,1917,70,
2014,University of Nebraska,YldQtl-Val_2014_ClayCenter,"Yield QTL Validation, Yield QTL Validation,",CRD,"Clay Center, NE",CT69,plot,2,21,3208,21,51,3107,86,
2014,University of Nebraska,YldQtl-Val_2014_ClayCenter,"Yield QTL Validation, Yield QTL Validation,",CRD,"Clay Center, NE",CT95,plot,2,22,3218,22,51,3241,75,
2014,University of Nebraska,YldQtl-Val_2014_ClayCenter,"Yield QTL Validation, Yield QTL Validation,",CRD,"Clay Center, NE",GOODSYN12,plot,2,6,2254,6,47,2784,90,
2014,University of Nebraska,YldQtl-Val_2014_ClayCenter,"Yield QTL Validation, Yield QTL Validation,",CRD,"Clay Center, NE",GOODSYN17,plot,2,6,2253,6,46,2576,104,
2014,University of Nebraska,YldQtl-Val_2014_ClayCenter,"Yield QTL Validation, Yield QTL Validation,",CRD,"Clay Center, NE",GOODSYN23,plot,2,10,2291,10,44,2784,100,
2014,University of Nebraska,YldQtl-Val_2014_ClayCenter,"Yield QTL Validation, Yield QTL Validation,",CRD,"Clay Center, NE",GOODSYN28,plot,2,10,2292,10,45,2892,100,
2014,University of Nebraska,YldQtl-Val_2014_ClayCenter,"Yield QTL Validation, Yield QTL Validation,",CRD,"Clay Center, NE",GOODSYN35,plot,2,13,2321,13,44,2677,94,
2014,University of Nebraska,YldQtl-Val_2014_ClayCenter,"Yield QTL Validation, Yield QTL Validation,",CRD,"Clay Center, NE",GOODSYN37,plot,2,13,2322,13,45,1627,95,
2014,University of Nebraska,YldQtl-Val_2014_ClayCenter,"Yield QTL Validation, Yield QTL Validation,",CRD,"Clay Center, NE",GOODSYN43,plot,2,19,2383,19,46,2280,90,
2014,University of Nebraska,YldQtl-Val_2014_ClayCenter,"Yield QTL Validation, Yield QTL Validation,",CRD,"Clay Center, NE",GOODSYN44,plot,2,19,2384,19,47,2239,98,
2014,University of Nebraska,YldQtl-Val_2014_ClayCenter,"Yield QTL Validation, Yield QTL Validation,",CRD,"Clay Center, NE",GOODSYN5,plot,2,2,2220,2,53,2287,97,
2014,University of Nebraska,YldQtl-Val_2014_ClayCenter,"Yield QTL Validation, Yield QTL Validation,",CRD,"Clay Center, NE",GOODSYN51,plot,2,20,2399,20,52,1432,85,
2014,University of Nebraska,YldQtl-Val_2014_ClayCenter,"Yield QTL Validation, Yield QTL Validation,",CRD,"Clay Center, NE",GOODSYN58,plot,2,20,2400,20,53,1015,90,
2014,University of Nebraska,YldQtl-Val_2014_ClayCenter,"Yield QTL Validation, Yield QTL Validation,",CRD,"Clay Center, NE",GOODSYN61,plot,2,3,2227,3,50,1802,86,
2014,University of Nebraska,YldQtl-Val_2014_ClayCenter,"Yield QTL Validation, Yield QTL Validation,",CRD,"Clay Center, NE",GOODSYN62,plot,2,3,2228,3,51,1587,84,
2014,University of Nebraska,YldQtl-Val_2014_ClayCenter,"Yield QTL Validation, Yield QTL Validation,",CRD,"Clay Center, NE",GOODSYN72,plot,2,19,2386,19,49,2105,94,
2014,University of Nebraska,YldQtl-Val_2014_ClayCenter,"Yield QTL Validation, Yield QTL Validation,",CRD,"Clay Center, NE",GOODSYN8,plot,2,2,2219,2,52,2078,98,
2014,University of Nebraska,YldQtl-Val_2014_ClayCenter,"Yield QTL Validation, Yield QTL Validation,",CRD,"Clay Center, NE",GOODSYN80,plot,2,19,2385,19,48,1917,92,
2014,University of Nebraska,YldQtl-Val_2014_ClayCenter,"Yield QTL Validation, Yield QTL Validation,",CRD,"Clay Center, NE",GOODSYN82,plot,2,11,2302,11,45,3026,94,
2014,University of Nebraska,YldQtl-Val_2014_ClayCenter,"Yield QTL Validation, Yield QTL Validation,",CRD,"Clay Center, NE",GOODSYN88,plot,2,11,2301,11,44,2764,92,
2014,University of Nebraska,YldQtl-Val_2014_ClayCenter,"Yield QTL Validation, Yield QTL Validation,",CRD,"Clay Center, NE",HW_124,plot,2,16,2357,16,50,2952,83,
2014,University of Nebraska,YldQtl-Val_2014_ClayCenter,"Yield QTL Validation, Yield QTL Validation,",CRD,"Clay Center, NE",HW_132,plot,2,15,2350,15,53,1903,80,
2014,University of Nebraska,YldQtl-Val_2014_ClayCenter,"Yield QTL Validation, Yield QTL Validation,",CRD,"Clay Center, NE",HW_133,plot,2,16,2355,16,48,2495,76,
2014,University of Nebraska,YldQtl-Val_2014_ClayCenter,"Yield QTL Validation, Yield QTL Validation,",CRD,"Clay Center, NE",HW_141,plot,2,16,2354,16,47,2468,70,
2014,University of Nebraska,YldQtl-Val_2014_ClayCenter,"Yield QTL Validation, Yield QTL Validation,",CRD,"Clay Center, NE",HW_155,plot,2,15,2341,15,44,2966,85,
2014,University of Nebraska,YldQtl-Val_2014_ClayCenter,"Yield QTL Validation, Yield QTL Validation,",CRD,"Clay Center, NE",HW_174,plot,2,16,2358,16,51,2616,78,
2014,University of Nebraska,YldQtl-Val_2014_ClayCenter,"Yield QTL Validation, Yield QTL Validation,",CRD,"Clay Center, NE",HW_175,plot,2,15,2342,15,45,3275,78,
2014,University of Nebraska,YldQtl-Val_2014_ClayCenter,"Yield QTL Validation, Yield QTL Validation,",CRD,"Clay Center, NE",HW_182,plot,2,15,2343,15,46,3309,80,
2014,University of Nebraska,YldQtl-Val_2014_ClayCenter,"Yield QTL Validation, Yield QTL Validation,",CRD,"Clay Center, NE",HW_237,plot,2,15,2349,15,52,2932,75,
2014,University of Nebraska,YldQtl-Val_2014_ClayCenter,"Yield QTL Validation, Yield QTL Validation,",CRD,"Clay Center, NE",HW_240,plot,2,15,2346,15,49,3443,80,
2014,University of Nebraska,YldQtl-Val_2014_ClayCenter,"Yield QTL Validation, Yield QTL Validation,",CRD,"Clay Center, NE",HW_246,plot,2,15,2345,15,48,2495,85,
2014,University of Nebraska,YldQtl-Val_2014_ClayCenter,"Yield QTL Validation, Yield QTL Validation,",CRD,"Clay Center, NE",HW_256,plot,2,16,2356,16,49,3430,80,
2014,University of Nebraska,YldQtl-Val_2014_ClayCenter,"Yield QTL Validation, Yield QTL Validation,",CRD,"Clay Center, NE",HW_261,plot,2,15,2344,15,47,3060,78,
2014,University of Nebraska,YldQtl-Val_2014_ClayCenter,"Yield QTL Validation, Yield QTL Validation,",CRD,"Clay Center, NE",HW_266,plot,2,15,2348,15,51,3100,76,
2014,University of Nebraska,YldQtl-Val_2014_ClayCenter,"Yield QTL Validation, Yield QTL Validation,",CRD,"Clay Center, NE",HW_267,plot,2,16,2352,16,45,2939,85,
2014,University of Nebraska,YldQtl-Val_2014_ClayCenter,"Yield QTL Validation, Yield QTL Validation,",CRD,"Clay Center, NE",HW_29,plot,2,15,2347,15,50,1876,85,
2014,University of Nebraska,YldQtl-Val_2014_ClayCenter,"Yield QTL Validation, Yield QTL Validation,",CRD,"Clay Center, NE",HW_37,plot,2,16,2353,16,46,3013,78,
2014,University of Nebraska,YldQtl-Val_2014_ClayCenter,"Yield QTL Validation, Yield QTL Validation,",CRD,"Clay Center, NE",HW_44,plot,2,16,2351,16,44,3591,78,
2014,University of Nebraska,YldQtl-Val_2014_ClayCenter,"Yield QTL Validation, Yield QTL Validation,",CRD,"Clay Center, NE",HW_83,plot,2,16,2359,16,52,504,79,
2014,University of Nebraska,YldQtl-Val_2014_ClayCenter,"Yield QTL Validation, Yield QTL Validation,",CRD,"Clay Center, NE",HW_98,plot,2,16,2360,16,53,2993,70,
2014,University of Nebraska,YldQtl-Val_2014_ClayCenter,"Yield QTL Validation, Yield QTL Validation,",CRD,"Clay Center, NE",NE06545,plot,2,8,2273,8,46,3551,84,
2014,University of Nebraska,YldQtl-Val_2014_ClayCenter,"Yield QTL Validation, Yield QTL Validation,",CRD,"Clay Center, NE",NE12568,plot,2,6,2251,6,44,2387,80,
2014,University of Nebraska,YldQtl-Val_2014_ClayCenter,"Yield QTL Validation, Yield QTL Validation,",CRD,"Clay Center, NE",NE12571,plot,2,6,2252,6,45,3914,90,
2014,University of Nebraska,YldQtl-Val_2014_ClayCenter,"Yield QTL Validation, Yield QTL Validation,",CRD,"Clay Center, NE",NE13407,plot,2,20,2395,20,48,1984,74,
2014,University of Nebraska,YldQtl-Val_2014_ClayCenter,"Yield QTL Validation, Yield QTL Validation,",CRD,"Clay Center, NE",NE13412,plot,2,20,2392,20,45,2441,80,
2014,University of Nebraska,YldQtl-Val_2014_ClayCenter,"Yield QTL Validation, Yield QTL Validation,",CRD,"Clay Center, NE",NE13417,plot,2,20,2396,20,49,1688,76,
2014,University of Nebraska,YldQtl-Val_2014_ClayCenter,"Yield QTL Validation, Yield QTL Validation,",CRD,"Clay Center, NE",NE13441,plot,2,10,2299,10,52,3161,90,
2014,University of Nebraska,YldQtl-Val_2014_ClayCenter,"Yield QTL Validation, Yield QTL Validation,",CRD,"Clay Center, NE",NE13449,plot,2,2,2216,2,49,3094,77,
2014,University of Nebraska,YldQtl-Val_2014_ClayCenter,"Yield QTL Validation, Yield QTL Validation,",CRD,"Clay Center, NE",NE13470,plot,2,19,2382,19,45,3632,76,
2014,University of Nebraska,YldQtl-Val_2014_ClayCenter,"Yield QTL Validation, Yield QTL Validation,",CRD,"Clay Center, NE",NE13498,plot,2,10,2296,10,49,3033,90,
2014,University of Nebraska,YldQtl-Val_2014_ClayCenter,"Yield QTL Validation, Yield QTL Validation,",CRD,"Clay Center, NE",NE13510,plot,2,19,2381,19,44,2818,72,
2014,University of Nebraska,YldQtl-Val_2014_ClayCenter,"Yield QTL Validation, Yield QTL Validation,",CRD,"Clay Center, NE",NE13522,plot,2,12,2315,12,48,2939,76,
2014,University of Nebraska,YldQtl-Val_2014_ClayCenter,"Yield QTL Validation, Yield QTL Validation,",CRD,"Clay Center, NE",NE13556,plot,2,6,2256,6,49,2730,94,
2014,University of Nebraska,YldQtl-Val_2014_ClayCenter,"Yield QTL Validation, Yield QTL Validation,",CRD,"Clay Center, NE",NE13571,plot,2,10,2295,10,48,2905,90,
2014,University of Nebraska,YldQtl-Val_2014_ClayCenter,"Yield QTL Validation, Yield QTL Validation,",CRD,"Clay Center, NE",NE13589,plot,2,9,2286,9,49,3443,89,
2014,University of Nebraska,YldQtl-Val_2014_ClayCenter,"Yield QTL Validation, Yield QTL Validation,",CRD,"Clay Center, NE",NE13593,plot,2,10,2297,10,50,3416,90,
2014,University of Nebraska,YldQtl-Val_2014_ClayCenter,"Yield QTL Validation, Yield QTL Validation,",CRD,"Clay Center, NE",NE13607,plot,2,10,2294,10,47,3773,82,
2014,University of Nebraska,YldQtl-Val_2014_ClayCenter,"Yield QTL Validation, Yield QTL Validation,",CRD,"Clay Center, NE",NE13625,plot,2,9,2282,9,45,4687,88,
2014,University of Nebraska,YldQtl-Val_2014_ClayCenter,"Yield QTL Validation, Yield QTL Validation,",CRD,"Clay Center, NE",NE13627,plot,2,6,2255,6,48,3289,84,
2014,University of Nebraska,YldQtl-Val_2014_ClayCenter,"Yield QTL Validation, Yield QTL Validation,",CRD,"Clay Center, NE",NE13628,plot,2,2,2215,2,48,3080,80,
2014,University of Nebraska,YldQtl-Val_2014_ClayCenter,"Yield QTL Validation, Yield QTL Validation,",CRD,"Clay Center, NE",NE13630,plot,2,20,2391,20,44,2784,70,
2014,University of Nebraska,YldQtl-Val_2014_ClayCenter,"Yield QTL Validation, Yield QTL Validation,",CRD,"Clay Center, NE",NE13637,plot,2,10,2293,10,46,3046,80,
2014,University of Nebraska,YldQtl-Val_2014_ClayCenter,"Yield QTL Validation, Yield QTL Validation,",CRD,"Clay Center, NE",NE13638,plot,2,10,2300,10,53,3329,84,
2014,University of Nebraska,YldQtl-Val_2014_ClayCenter,"Yield QTL Validation, Yield QTL Validation,",CRD,"Clay Center, NE",NE13639,plot,2,12,2316,12,49,3490,90,
2014,University of Nebraska,YldQtl-Val_2014_ClayCenter,"Yield QTL Validation, Yield QTL Validation,",CRD,"Clay Center, NE",NE13655,plot,2,3,2230,3,53,1338,92,
2014,University of Nebraska,YldQtl-Val_2014_ClayCenter,"Yield QTL Validation, Yield QTL Validation,",CRD,"Clay Center, NE",NE13660,plot,2,3,2229,3,52,3046,80,
2014,University of Nebraska,YldQtl-Val_2014_ClayCenter,"Yield QTL Validation, Yield QTL Validation,",CRD,"Clay Center, NE",NE13680,plot,2,10,2298,10,51,2529,92,
2014,University of Nebraska,YldQtl-Val_2014_ClayCenter,"Yield QTL Validation, Yield QTL Validation,",CRD,"Clay Center, NE",NE13695,plot,2,9,2281,9,44,3067,93,
2014,University of Nebraska,YldQtl-Val_2014_ClayCenter,"Yield QTL Validation, Yield QTL Validation,",CRD,"Clay Center, NE",NE13697,plot,2,20,2394,20,47,3154,85,
2014,University of Nebraska,YldQtl-Val_2014_ClayCenter,"Yield QTL Validation, Yield QTL Validation,",CRD,"Clay Center, NE",NE13698,plot,2,20,2393,20,46,3463,76,
2014,University of Nebraska,YldQtl-Val_2014_ClayCenter,"Yield QTL Validation, Yield QTL Validation,",CRD,"Clay Center, NE",NE13700,plot,2,9,2285,9,48,2959,92,
2014,University of Nebraska,YldQtl-Val_2014_ClayCenter,"Yield QTL Validation, Yield QTL Validation,",CRD,"Clay Center, NE",NH13415,plot,2,1,2205,1,48,3389,78,
2014,University of Nebraska,YldQtl-Val_2014_ClayCenter,"Yield QTL Validation, Yield QTL Validation,",CRD,"Clay Center, NE",NH13606,plot,2,1,2206,1,49,3275,78,
2014,University of Nebraska,YldQtl-Val_2014_ClayCenter,"Yield QTL Validation, Yield QTL Validation,",CRD,"Clay Center, NE",NH13692,plot,2,3,2224,3,47,3087,100,
2014,University of Nebraska,YldQtl-Val_2014_ClayCenter,"Yield QTL Validation, Yield QTL Validation,",CRD,"Clay Center, NE",NH13693,plot,2,3,2223,3,46,3389,90,
2014,University of Nebraska,YldQtl-Val_2014_ClayCenter,"Yield QTL Validation, Yield QTL Validation,",CRD,"Clay Center, NE",NW13455,plot,2,2,2214,2,47,3746,85,
2014,University of Nebraska,YldQtl-Val_2014_ClayCenter,"Yield QTL Validation, Yield QTL Validation,",CRD,"Clay Center, NE",NW13457,plot,2,8,2271,8,44,3215,80,
2014,University of Nebraska,YldQtl-Val_2014_ClayCenter,"Yield QTL Validation, Yield QTL Validation,",CRD,"Clay Center, NE",NW13499,plot,2,14,2335,14,48,3436,94,
2014,University of Nebraska,YldQtl-Val_2014_ClayCenter,"Yield QTL Validation, Yield QTL Validation,",CRD,"Clay Center, NE",NW13502,plot,2,9,2284,9,47,3295,82,
2014,University of Nebraska,YldQtl-Val_2014_ClayCenter,"Yield QTL Validation, Yield QTL Validation,",CRD,"Clay Center, NE",NW13516,plot,2,12,2311,12,44,3262,76,
2014,University of Nebraska,YldQtl-Val_2014_ClayCenter,"Yield QTL Validation, Yield QTL Validation,",CRD,"Clay Center, NE",NW13526,plot,2,2,2213,2,46,3410,80,
2014,University of Nebraska,YldQtl-Val_2014_ClayCenter,"Yield QTL Validation, Yield QTL Validation,",CRD,"Clay Center, NE",NW13536,plot,2,3,2226,3,49,3793,75,
2014,University of Nebraska,YldQtl-Val_2014_ClayCenter,"Yield QTL Validation, Yield QTL Validation,",CRD,"Clay Center, NE",NW13559,plot,2,2,2212,2,45,3793,84,
2014,University of Nebraska,YldQtl-Val_2014_ClayCenter,"Yield QTL Validation, Yield QTL Validation,",CRD,"Clay Center, NE",NW13563,plot,2,12,2312,12,45,3174,80,
2014,University of Nebraska,YldQtl-Val_2014_ClayCenter,"Yield QTL Validation, Yield QTL Validation,",CRD,"Clay Center, NE",NW13572,plot,2,14,2336,14,49,3423,94,
2014,University of Nebraska,YldQtl-Val_2014_ClayCenter,"Yield QTL Validation, Yield QTL Validation,",CRD,"Clay Center, NE",NW13575,plot,2,9,2283,9,46,3941,84,
2014,University of Nebraska,YldQtl-Val_2014_ClayCenter,"Yield QTL Validation, Yield QTL Validation,",CRD,"Clay Center, NE",NW13596,plot,2,2,2211,2,44,3927,86,
2014,University of Nebraska,YldQtl-Val_2014_ClayCenter,"Yield QTL Validation, Yield QTL Validation,",CRD,"Clay Center, NE",NW13615,plot,2,8,2272,8,45,3302,82,
2014,University of Nebraska,YldQtl-Val_2014_ClayCenter,"Yield QTL Validation, Yield QTL Validation,",CRD,"Clay Center, NE",NW13652,plot,2,20,2397,20,50,2751,88,
2014,University of Nebraska,YldQtl-Val_2014_ClayCenter,"Yield QTL Validation, Yield QTL Validation,",CRD,"Clay Center, NE",NW13666,plot,2,3,2225,3,48,2919,70,
2014,University of Nebraska,YldQtl-Val_2014_ClayCenter,"Yield QTL Validation, Yield QTL Validation,",CRD,"Clay Center, NE",NW13669,plot,2,20,2398,20,51,3107,83,
2014,University of Nebraska,YldQtl-Val_2014_ClayCenter,"Yield QTL Validation, Yield QTL Validation,",CRD,"Clay Center, NE",TX1112_10,plot,2,5,2250,5,53,2522,86,
2014,University of Nebraska,YldQtl-Val_2014_ClayCenter,"Yield QTL Validation, Yield QTL Validation,",CRD,"Clay Center, NE",TX1112_105,plot,2,5,2245,5,48,2986,90,
2014,University of Nebraska,YldQtl-Val_2014_ClayCenter,"Yield QTL Validation, Yield QTL Validation,",CRD,"Clay Center, NE",TX1112_108,plot,2,4,2232,4,45,2959,85,
2014,University of Nebraska,YldQtl-Val_2014_ClayCenter,"Yield QTL Validation, Yield QTL Validation,",CRD,"Clay Center, NE",TX1112_11,plot,2,4,2238,4,51,2878,80,
2014,University of Nebraska,YldQtl-Val_2014_ClayCenter,"Yield QTL Validation, Yield QTL Validation,",CRD,"Clay Center, NE",TX1112_111,plot,2,5,2241,5,44,2966,86,
2014,University of Nebraska,YldQtl-Val_2014_ClayCenter,"Yield QTL Validation, Yield QTL Validation,",CRD,"Clay Center, NE",TX1112_112,plot,2,4,2235,4,48,2798,82,
2014,University of Nebraska,YldQtl-Val_2014_ClayCenter,"Yield QTL Validation, Yield QTL Validation,",CRD,"Clay Center, NE",TX1112_113,plot,2,5,2248,5,51,2508,70,
2014,University of Nebraska,YldQtl-Val_2014_ClayCenter,"Yield QTL Validation, Yield QTL Validation,",CRD,"Clay Center, NE",TX1112_115,plot,2,4,2233,4,46,3403,84,
2014,University of Nebraska,YldQtl-Val_2014_ClayCenter,"Yield QTL Validation, Yield QTL Validation,",CRD,"Clay Center, NE",TX1112_119,plot,2,5,2243,5,46,3147,86,
2014,University of Nebraska,YldQtl-Val_2014_ClayCenter,"Yield QTL Validation, Yield QTL Validation,",CRD,"Clay Center, NE",TX1112_122,plot,2,5,2242,5,45,3867,84,
2014,University of Nebraska,YldQtl-Val_2014_ClayCenter,"Yield QTL Validation, Yield QTL Validation,",CRD,"Clay Center, NE",TX1112_123,plot,2,5,2246,5,49,3215,88,
2014,University of Nebraska,YldQtl-Val_2014_ClayCenter,"Yield QTL Validation, Yield QTL Validation,",CRD,"Clay Center, NE",TX1112_124,plot,2,4,2231,4,44,3383,82,
2014,University of Nebraska,YldQtl-Val_2014_ClayCenter,"Yield QTL Validation, Yield QTL Validation,",CRD,"Clay Center, NE",TX1112_46,plot,2,4,2240,4,53,2482,70,
2014,University of Nebraska,YldQtl-Val_2014_ClayCenter,"Yield QTL Validation, Yield QTL Validation,",CRD,"Clay Center, NE",TX1112_48,plot,2,4,2236,4,49,3174,84,
2014,University of Nebraska,YldQtl-Val_2014_ClayCenter,"Yield QTL Validation, Yield QTL Validation,",CRD,"Clay Center, NE",TX1112_52,plot,2,5,2249,5,52,3396,80,
2014,University of Nebraska,YldQtl-Val_2014_ClayCenter,"Yield QTL Validation, Yield QTL Validation,",CRD,"Clay Center, NE",TX1112_63,plot,2,4,2237,4,50,2966,76,
2014,University of Nebraska,YldQtl-Val_2014_ClayCenter,"Yield QTL Validation, Yield QTL Validation,",CRD,"Clay Center, NE",TX1112_65,plot,2,4,2234,4,47,3322,84,
2014,University of Nebraska,YldQtl-Val_2014_ClayCenter,"Yield QTL Validation, Yield QTL Validation,",CRD,"Clay Center, NE",TX1112_67,plot,2,5,2247,5,50,3046,90,
2014,University of Nebraska,YldQtl-Val_2014_ClayCenter,"Yield QTL Validation, Yield QTL Validation,",CRD,"Clay Center, NE",TX1112_69,plot,2,4,2239,4,52,2340,80,
2014,University of Nebraska,YldQtl-Val_2014_ClayCenter,"Yield QTL Validation, Yield QTL Validation,",CRD,"Clay Center, NE",TX1112_87,plot,2,5,2244,5,47,3490,86,