YEAR,PROGRAM,STUDY,DESCRIPTION,DESIGN,LOC,VAR,TYPE,REP,BLOCK,PLOT,ROW,COL,TWT,YIELD,PLTHT,NOTES
2014,University of Nebraska,YldQtl-Val_2014_Lincoln,"Yield QTL Validation, Yield QTL Validation,",CRD,"Lincoln, NE",11_26,plot,1,1,2009,1,39,811,4398,33.07,
2014,University of Nebraska,YldQtl-Val_2014_Lincoln,"Yield QTL Validation, Yield QTL Validation,",CRD,"Lincoln, NE",11_73,plot,1,1,2010,1,40,803,4452,33.86,
2014,University of Nebraska,YldQtl-Val_2014_Lincoln,"Yield QTL Validation, Yield QTL Validation,",CRD,"Lincoln, NE",13_13,plot,1,19,2187,19,37,774,4398,37.8,
2014,University of Nebraska,YldQtl-Val_2014_Lincoln,"Yield QTL Validation, Yield QTL Validation,",CRD,"Lincoln, NE",13_59,plot,1,19,2188,19,38,763,5138,37.01,
2014,University of Nebraska,YldQtl-Val_2014_Lincoln,"Yield QTL Validation, Yield QTL Validation,",CRD,"Lincoln, NE",14_10,plot,1,10,2097,10,37,803,5219,33.86,
2014,University of Nebraska,YldQtl-Val_2014_Lincoln,"Yield QTL Validation, Yield QTL Validation,",CRD,"Lincoln, NE",14_2,plot,1,10,2091,10,31,817,4748,35.43,
2014,University of Nebraska,YldQtl-Val_2014_Lincoln,"Yield QTL Validation, Yield QTL Validation,",CRD,"Lincoln, NE",14_22,plot,1,10,2092,10,32,780,5037,33.86,
2014,University of Nebraska,YldQtl-Val_2014_Lincoln,"Yield QTL Validation, Yield QTL Validation,",CRD,"Lincoln, NE",14_23,plot,1,10,2093,10,33,786,4687,29.92,
2014,University of Nebraska,YldQtl-Val_2014_Lincoln,"Yield QTL Validation, Yield QTL Validation,",CRD,"Lincoln, NE",14_31,plot,1,10,2099,10,39,790,5239,33.07,
2014,University of Nebraska,YldQtl-Val_2014_Lincoln,"Yield QTL Validation, Yield QTL Validation,",CRD,"Lincoln, NE",14_65,plot,1,10,2100,10,40,792,4842,36.22,
2014,University of Nebraska,YldQtl-Val_2014_Lincoln,"Yield QTL Validation, Yield QTL Validation,",CRD,"Lincoln, NE",14_66,plot,1,10,2098,10,38,798,4620,32.28,
2014,University of Nebraska,YldQtl-Val_2014_Lincoln,"Yield QTL Validation, Yield QTL Validation,",CRD,"Lincoln, NE",14_71,plot,1,10,2095,10,35,786,5528,33.86,
2014,University of Nebraska,YldQtl-Val_2014_Lincoln,"Yield QTL Validation, Yield QTL Validation,",CRD,"Lincoln, NE",14_83,plot,1,10,2096,10,36,0,5548,35.43,
2014,University of Nebraska,YldQtl-Val_2014_Lincoln,"Yield QTL Validation, Yield QTL Validation,",CRD,"Lincoln, NE",14_88,plot,1,10,2094,10,34,818,5615,37.01,
2014,University of Nebraska,YldQtl-Val_2014_Lincoln,"Yield QTL Validation, Yield QTL Validation,",CRD,"Lincoln, NE",15_18,plot,1,4,2035,4,35,790,4210,33.86,
2014,University of Nebraska,YldQtl-Val_2014_Lincoln,"Yield QTL Validation, Yield QTL Validation,",CRD,"Lincoln, NE",15_44,plot,1,4,2036,4,36,772,5044,33.07,
2014,University of Nebraska,YldQtl-Val_2014_Lincoln,"Yield QTL Validation, Yield QTL Validation,",CRD,"Lincoln, NE",4_12,plot,1,5,2043,5,33,769,4660,35.43,
2014,University of Nebraska,YldQtl-Val_2014_Lincoln,"Yield QTL Validation, Yield QTL Validation,",CRD,"Lincoln, NE",4_19,plot,1,5,2044,5,34,787,4418,30.71,
2014,University of Nebraska,YldQtl-Val_2014_Lincoln,"Yield QTL Validation, Yield QTL Validation,",CRD,"Lincoln, NE",7_101,plot,1,8,2071,8,31,807,4351,35.83,
2014,University of Nebraska,YldQtl-Val_2014_Lincoln,"Yield QTL Validation, Yield QTL Validation,",CRD,"Lincoln, NE",7_105,plot,1,8,2075,8,35,791,5246,35.43,
2014,University of Nebraska,YldQtl-Val_2014_Lincoln,"Yield QTL Validation, Yield QTL Validation,",CRD,"Lincoln, NE",7_11,plot,1,8,2074,8,34,778,5434,33.86,
2014,University of Nebraska,YldQtl-Val_2014_Lincoln,"Yield QTL Validation, Yield QTL Validation,",CRD,"Lincoln, NE",7_140,plot,1,8,2079,8,39,791,5084,37.8,
2014,University of Nebraska,YldQtl-Val_2014_Lincoln,"Yield QTL Validation, Yield QTL Validation,",CRD,"Lincoln, NE",7_29,plot,1,8,2077,8,37,790,4916,39.76,
2014,University of Nebraska,YldQtl-Val_2014_Lincoln,"Yield QTL Validation, Yield QTL Validation,",CRD,"Lincoln, NE",7_45,plot,1,8,2076,8,36,771,5400,36.22,
2014,University of Nebraska,YldQtl-Val_2014_Lincoln,"Yield QTL Validation, Yield QTL Validation,",CRD,"Lincoln, NE",7_55,plot,1,8,2080,8,40,774,4808,37.8,
2014,University of Nebraska,YldQtl-Val_2014_Lincoln,"Yield QTL Validation, Yield QTL Validation,",CRD,"Lincoln, NE",7_61,plot,1,8,2073,8,33,789,4243,44.09,
2014,University of Nebraska,YldQtl-Val_2014_Lincoln,"Yield QTL Validation, Yield QTL Validation,",CRD,"Lincoln, NE",7_86,plot,1,8,2072,8,32,785,4977,35.43,
2014,University of Nebraska,YldQtl-Val_2014_Lincoln,"Yield QTL Validation, Yield QTL Validation,",CRD,"Lincoln, NE",7_9,plot,1,8,2078,8,38,788,4405,31.5,
2014,University of Nebraska,YldQtl-Val_2014_Lincoln,"Yield QTL Validation, Yield QTL Validation,",CRD,"Lincoln, NE",CO11D1111,plot,1,15,2148,15,38,791,5232,33.07,
2014,University of Nebraska,YldQtl-Val_2014_Lincoln,"Yield QTL Validation, Yield QTL Validation,",CRD,"Lincoln, NE",CO11D1119,plot,1,15,2150,15,40,765,4096,35.43,
2014,University of Nebraska,YldQtl-Val_2014_Lincoln,"Yield QTL Validation, Yield QTL Validation,",CRD,"Lincoln, NE",CO11D1125,plot,1,15,2149,15,39,751,4634,36.22,
2014,University of Nebraska,YldQtl-Val_2014_Lincoln,"Yield QTL Validation, Yield QTL Validation,",CRD,"Lincoln, NE",CO11D1127,plot,1,15,2147,15,37,802,4876,33.86,
2014,University of Nebraska,YldQtl-Val_2014_Lincoln,"Yield QTL Validation, Yield QTL Validation,",CRD,"Lincoln, NE",CO11D1140,plot,1,7,2064,7,34,763,4203,35.43,
2014,University of Nebraska,YldQtl-Val_2014_Lincoln,"Yield QTL Validation, Yield QTL Validation,",CRD,"Lincoln, NE",CO11D1156,plot,1,7,2061,7,31,801,3282,37.8,
2014,University of Nebraska,YldQtl-Val_2014_Lincoln,"Yield QTL Validation, Yield QTL Validation,",CRD,"Lincoln, NE",CO11D1159,plot,1,7,2063,7,33,782,4096,33.07,
2014,University of Nebraska,YldQtl-Val_2014_Lincoln,"Yield QTL Validation, Yield QTL Validation,",CRD,"Lincoln, NE",CO11D1174,plot,1,9,2087,9,37,775,5259,34.65,
2014,University of Nebraska,YldQtl-Val_2014_Lincoln,"Yield QTL Validation, Yield QTL Validation,",CRD,"Lincoln, NE",CO11D1182,plot,1,9,2086,9,36,806,5360,32.68,
2014,University of Nebraska,YldQtl-Val_2014_Lincoln,"Yield QTL Validation, Yield QTL Validation,",CRD,"Lincoln, NE",CO11D1186,plot,1,9,2088,9,38,776,4647,33.07,
2014,University of Nebraska,YldQtl-Val_2014_Lincoln,"Yield QTL Validation, Yield QTL Validation,",CRD,"Lincoln, NE",CO11D1190,plot,1,9,2085,9,35,784,5219,37.01,
2014,University of Nebraska,YldQtl-Val_2014_Lincoln,"Yield QTL Validation, Yield QTL Validation,",CRD,"Lincoln, NE",CO11D1213,plot,1,4,2038,4,38,791,4701,30.71,
2014,University of Nebraska,YldQtl-Val_2014_Lincoln,"Yield QTL Validation, Yield QTL Validation,",CRD,"Lincoln, NE",CO11D1219,plot,1,4,2040,4,40,788,4122,35.43,
2014,University of Nebraska,YldQtl-Val_2014_Lincoln,"Yield QTL Validation, Yield QTL Validation,",CRD,"Lincoln, NE",CO11D1221,plot,1,4,2039,4,39,766,4781,33.86,
2014,University of Nebraska,YldQtl-Val_2014_Lincoln,"Yield QTL Validation, Yield QTL Validation,",CRD,"Lincoln, NE",CO11D1231,plot,1,4,2037,4,37,777,5024,35.43,
2014,University of Nebraska,YldQtl-Val_2014_Lincoln,"Yield QTL Validation, Yield QTL Validation,",CRD,"Lincoln, NE",CO11D1236,plot,1,20,2200,20,40,776,5272,34.65,
2014,University of Nebraska,YldQtl-Val_2014_Lincoln,"Yield QTL Validation, Yield QTL Validation,",CRD,"Lincoln, NE",CO11D1240,plot,1,20,2198,20,38,777,5198,28.35,
2014,University of Nebraska,YldQtl-Val_2014_Lincoln,"Yield QTL Validation, Yield QTL Validation,",CRD,"Lincoln, NE",CO11D1248,plot,1,20,2197,20,37,796,5387,33.86,
2014,University of Nebraska,YldQtl-Val_2014_Lincoln,"Yield QTL Validation, Yield QTL Validation,",CRD,"Lincoln, NE",CO11D1268,plot,1,20,2199,20,39,805,5555,35.43,
2014,University of Nebraska,YldQtl-Val_2014_Lincoln,"Yield QTL Validation, Yield QTL Validation,",CRD,"Lincoln, NE",CO11D1287,plot,1,2,2012,2,32,801,4560,33.07,
2014,University of Nebraska,YldQtl-Val_2014_Lincoln,"Yield QTL Validation, Yield QTL Validation,",CRD,"Lincoln, NE",CO11D1298,plot,1,2,2013,2,33,794,3901,33.86,
2014,University of Nebraska,YldQtl-Val_2014_Lincoln,"Yield QTL Validation, Yield QTL Validation,",CRD,"Lincoln, NE",CO11D1302W,plot,1,2,2014,2,34,805,4741,31.5,
2014,University of Nebraska,YldQtl-Val_2014_Lincoln,"Yield QTL Validation, Yield QTL Validation,",CRD,"Lincoln, NE",CO11D1312,plot,1,2,2011,2,31,796,3746,34.65,
2014,University of Nebraska,YldQtl-Val_2014_Lincoln,"Yield QTL Validation, Yield QTL Validation,",CRD,"Lincoln, NE",CO11D1315W,plot,1,3,2026,3,36,763,4728,35.43,
2014,University of Nebraska,YldQtl-Val_2014_Lincoln,"Yield QTL Validation, Yield QTL Validation,",CRD,"Lincoln, NE",CO11D1316W,plot,1,3,2025,3,35,766,4230,34.65,
2014,University of Nebraska,YldQtl-Val_2014_Lincoln,"Yield QTL Validation, Yield QTL Validation,",CRD,"Lincoln, NE",CO11D1322,plot,1,3,2027,3,37,767,4573,35.43,
2014,University of Nebraska,YldQtl-Val_2014_Lincoln,"Yield QTL Validation, Yield QTL Validation,",CRD,"Lincoln, NE",CO11D1341,plot,1,3,2028,3,38,806,5326,35.43,
2014,University of Nebraska,YldQtl-Val_2014_Lincoln,"Yield QTL Validation, Yield QTL Validation,",CRD,"Lincoln, NE",CO11D1353,plot,1,2,2018,2,38,792,4728,35.83,
2014,University of Nebraska,YldQtl-Val_2014_Lincoln,"Yield QTL Validation, Yield QTL Validation,",CRD,"Lincoln, NE",CO11D1371,plot,1,2,2017,2,37,812,5393,35.43,
2014,University of Nebraska,YldQtl-Val_2014_Lincoln,"Yield QTL Validation, Yield QTL Validation,",CRD,"Lincoln, NE",CO11D1380,plot,1,2,2016,2,36,787,4533,33.86,
2014,University of Nebraska,YldQtl-Val_2014_Lincoln,"Yield QTL Validation, Yield QTL Validation,",CRD,"Lincoln, NE",CO11D1397,plot,1,2,2015,2,35,770,4694,29.92,
2014,University of Nebraska,YldQtl-Val_2014_Lincoln,"Yield QTL Validation, Yield QTL Validation,",CRD,"Lincoln, NE",CO11D1409,plot,1,6,2055,6,35,787,4983,38.58,
2014,University of Nebraska,YldQtl-Val_2014_Lincoln,"Yield QTL Validation, Yield QTL Validation,",CRD,"Lincoln, NE",CO11D1414,plot,1,6,2056,6,36,770,4519,34.65,
2014,University of Nebraska,YldQtl-Val_2014_Lincoln,"Yield QTL Validation, Yield QTL Validation,",CRD,"Lincoln, NE",CO11D1418,plot,1,6,2054,6,34,807,5272,34.65,
2014,University of Nebraska,YldQtl-Val_2014_Lincoln,"Yield QTL Validation, Yield QTL Validation,",CRD,"Lincoln, NE",CO11D1431,plot,1,6,2053,6,33,786,5104,38.58,
2014,University of Nebraska,YldQtl-Val_2014_Lincoln,"Yield QTL Validation, Yield QTL Validation,",CRD,"Lincoln, NE",CO11D1539,plot,1,5,2047,5,37,779,4855,33.86,
2014,University of Nebraska,YldQtl-Val_2014_Lincoln,"Yield QTL Validation, Yield QTL Validation,",CRD,"Lincoln, NE",CO11D1542,plot,1,5,2050,5,40,753,4257,31.5,
2014,University of Nebraska,YldQtl-Val_2014_Lincoln,"Yield QTL Validation, Yield QTL Validation,",CRD,"Lincoln, NE",CO11D1543,plot,1,5,2049,5,39,783,4586,33.86,
2014,University of Nebraska,YldQtl-Val_2014_Lincoln,"Yield QTL Validation, Yield QTL Validation,",CRD,"Lincoln, NE",CO11D1545,plot,1,5,2048,5,38,792,4755,34.65,
2014,University of Nebraska,YldQtl-Val_2014_Lincoln,"Yield QTL Validation, Yield QTL Validation,",CRD,"Lincoln, NE",CO11D1555W,plot,1,17,2170,17,40,818,4748,36.22,
2014,University of Nebraska,YldQtl-Val_2014_Lincoln,"Yield QTL Validation, Yield QTL Validation,",CRD,"Lincoln, NE",CO11D1559,plot,1,17,2169,17,39,810,4519,34.65,
2014,University of Nebraska,YldQtl-Val_2014_Lincoln,"Yield QTL Validation, Yield QTL Validation,",CRD,"Lincoln, NE",CO11D1584,plot,1,17,2168,17,38,822,4163,39.37,
2014,University of Nebraska,YldQtl-Val_2014_Lincoln,"Yield QTL Validation, Yield QTL Validation,",CRD,"Lincoln, NE",CO11D1600W,plot,1,17,2167,17,37,797,4701,36.22,
2014,University of Nebraska,YldQtl-Val_2014_Lincoln,"Yield QTL Validation, Yield QTL Validation,",CRD,"Lincoln, NE",CO11D1615,plot,1,15,2144,15,34,777,4943,35.43,
2014,University of Nebraska,YldQtl-Val_2014_Lincoln,"Yield QTL Validation, Yield QTL Validation,",CRD,"Lincoln, NE",CO11D1620,plot,1,15,2146,15,36,761,4983,32.28,
2014,University of Nebraska,YldQtl-Val_2014_Lincoln,"Yield QTL Validation, Yield QTL Validation,",CRD,"Lincoln, NE",CO11D1631,plot,1,15,2145,15,35,759,5319,35.43,
2014,University of Nebraska,YldQtl-Val_2014_Lincoln,"Yield QTL Validation, Yield QTL Validation,",CRD,"Lincoln, NE",CO11D1633,plot,1,15,2143,15,33,739,4512,33.86,
2014,University of Nebraska,YldQtl-Val_2014_Lincoln,"Yield QTL Validation, Yield QTL Validation,",CRD,"Lincoln, NE",CO11D1642,plot,1,16,2160,16,40,803,4788,35.43,
2014,University of Nebraska,YldQtl-Val_2014_Lincoln,"Yield QTL Validation, Yield QTL Validation,",CRD,"Lincoln, NE",CO11D1644,plot,1,16,2157,16,37,815,5050,38.58,
2014,University of Nebraska,YldQtl-Val_2014_Lincoln,"Yield QTL Validation, Yield QTL Validation,",CRD,"Lincoln, NE",CO11D1645,plot,1,16,2158,16,38,805,4573,34.65,
2014,University of Nebraska,YldQtl-Val_2014_Lincoln,"Yield QTL Validation, Yield QTL Validation,",CRD,"Lincoln, NE",CO11D1647,plot,1,16,2159,16,39,812,5319,34.65,
2014,University of Nebraska,YldQtl-Val_2014_Lincoln,"Yield QTL Validation, Yield QTL Validation,",CRD,"Lincoln, NE",CO11D1654,plot,1,1,2004,1,34,778,4835,32.28,
2014,University of Nebraska,YldQtl-Val_2014_Lincoln,"Yield QTL Validation, Yield QTL Validation,",CRD,"Lincoln, NE",CO11D1656,plot,1,1,2003,1,33,779,3719,27.56,
2014,University of Nebraska,YldQtl-Val_2014_Lincoln,"Yield QTL Validation, Yield QTL Validation,",CRD,"Lincoln, NE",CO11D1657,plot,1,1,2002,1,32,741,4028,31.5,
2014,University of Nebraska,YldQtl-Val_2014_Lincoln,"Yield QTL Validation, Yield QTL Validation,",CRD,"Lincoln, NE",CO11D1665,plot,1,1,2001,1,31,790,3477,29.92,
2014,University of Nebraska,YldQtl-Val_2014_Lincoln,"Yield QTL Validation, Yield QTL Validation,",CRD,"Lincoln, NE",CO11D1686,plot,1,3,2021,3,31,764,2690,33.07,
2014,University of Nebraska,YldQtl-Val_2014_Lincoln,"Yield QTL Validation, Yield QTL Validation,",CRD,"Lincoln, NE",CO11D1715,plot,1,3,2024,3,34,793,4479,33.07,
2014,University of Nebraska,YldQtl-Val_2014_Lincoln,"Yield QTL Validation, Yield QTL Validation,",CRD,"Lincoln, NE",CO11D1731,plot,1,3,2022,3,32,794,3329,31.5,
2014,University of Nebraska,YldQtl-Val_2014_Lincoln,"Yield QTL Validation, Yield QTL Validation,",CRD,"Lincoln, NE",CO11D1746,plot,1,3,2023,3,33,787,4734,33.86,
2014,University of Nebraska,YldQtl-Val_2014_Lincoln,"Yield QTL Validation, Yield QTL Validation,",CRD,"Lincoln, NE",CO11D1758W,plot,1,4,2031,4,31,796,2791,32.28,
2014,University of Nebraska,YldQtl-Val_2014_Lincoln,"Yield QTL Validation, Yield QTL Validation,",CRD,"Lincoln, NE",CO11D1767,plot,1,4,2034,4,34,746,4701,31.5,
2014,University of Nebraska,YldQtl-Val_2014_Lincoln,"Yield QTL Validation, Yield QTL Validation,",CRD,"Lincoln, NE",CO11D1789,plot,1,4,2033,4,33,738,3551,33.86,
2014,University of Nebraska,YldQtl-Val_2014_Lincoln,"Yield QTL Validation, Yield QTL Validation,",CRD,"Lincoln, NE",CO11D1799,plot,1,4,2032,4,32,760,4512,33.46,
2014,University of Nebraska,YldQtl-Val_2014_Lincoln,"Yield QTL Validation, Yield QTL Validation,",CRD,"Lincoln, NE",CT103,plot,1,21,3103,21,33,814,4190,37.8,
2014,University of Nebraska,YldQtl-Val_2014_Lincoln,"Yield QTL Validation, Yield QTL Validation,",CRD,"Lincoln, NE",CT110,plot,1,22,3118,22,38,716,2986,35.43,
2014,University of Nebraska,YldQtl-Val_2014_Lincoln,"Yield QTL Validation, Yield QTL Validation,",CRD,"Lincoln, NE",CT111,plot,1,22,3112,22,32,776,4089,33.86,
2014,University of Nebraska,YldQtl-Val_2014_Lincoln,"Yield QTL Validation, Yield QTL Validation,",CRD,"Lincoln, NE",CT112,plot,1,21,3110,21,40,761,2878,32.28,
2014,University of Nebraska,YldQtl-Val_2014_Lincoln,"Yield QTL Validation, Yield QTL Validation,",CRD,"Lincoln, NE",CT115,plot,1,22,3119,22,39,780,4075,36.22,
2014,University of Nebraska,YldQtl-Val_2014_Lincoln,"Yield QTL Validation, Yield QTL Validation,",CRD,"Lincoln, NE",CT125,plot,1,22,3117,22,37,759,3342,35.43,
2014,University of Nebraska,YldQtl-Val_2014_Lincoln,"Yield QTL Validation, Yield QTL Validation,",CRD,"Lincoln, NE",CT135,plot,1,21,3106,21,36,782,4109,29.13,
2014,University of Nebraska,YldQtl-Val_2014_Lincoln,"Yield QTL Validation, Yield QTL Validation,",CRD,"Lincoln, NE",CT154,plot,1,21,3104,21,34,737,3188,29.13,
2014,University of Nebraska,YldQtl-Val_2014_Lincoln,"Yield QTL Validation, Yield QTL Validation,",CRD,"Lincoln, NE",CT163,plot,1,21,3102,21,32,681,2293,31.5,
2014,University of Nebraska,YldQtl-Val_2014_Lincoln,"Yield QTL Validation, Yield QTL Validation,",CRD,"Lincoln, NE",CT185,plot,1,21,3101,21,31,792,3786,37.8,
2014,University of Nebraska,YldQtl-Val_2014_Lincoln,"Yield QTL Validation, Yield QTL Validation,",CRD,"Lincoln, NE",CT194,plot,1,21,3109,21,39,737,4539,33.07,
2014,University of Nebraska,YldQtl-Val_2014_Lincoln,"Yield QTL Validation, Yield QTL Validation,",CRD,"Lincoln, NE",CT199,plot,1,22,3114,22,34,781,4048,33.07,
2014,University of Nebraska,YldQtl-Val_2014_Lincoln,"Yield QTL Validation, Yield QTL Validation,",CRD,"Lincoln, NE",CT213,plot,1,21,3108,21,38,780,4761,35.43,
2014,University of Nebraska,YldQtl-Val_2014_Lincoln,"Yield QTL Validation, Yield QTL Validation,",CRD,"Lincoln, NE",CT224,plot,1,21,3105,21,35,773,3268,33.07,
2014,University of Nebraska,YldQtl-Val_2014_Lincoln,"Yield QTL Validation, Yield QTL Validation,",CRD,"Lincoln, NE",CT237,plot,1,22,3120,22,40,766,3961,29.92,
2014,University of Nebraska,YldQtl-Val_2014_Lincoln,"Yield QTL Validation, Yield QTL Validation,",CRD,"Lincoln, NE",CT30,plot,1,22,3115,22,35,785,2730,29.13,
2014,University of Nebraska,YldQtl-Val_2014_Lincoln,"Yield QTL Validation, Yield QTL Validation,",CRD,"Lincoln, NE",CT38,plot,1,22,3113,22,33,805,4082,32.28,
2014,University of Nebraska,YldQtl-Val_2014_Lincoln,"Yield QTL Validation, Yield QTL Validation,",CRD,"Lincoln, NE",CT64,plot,1,21,3107,21,37,786,4391,32.28,
2014,University of Nebraska,YldQtl-Val_2014_Lincoln,"Yield QTL Validation, Yield QTL Validation,",CRD,"Lincoln, NE",CT69,plot,1,22,3116,22,36,802,3974,37.8,
2014,University of Nebraska,YldQtl-Val_2014_Lincoln,"Yield QTL Validation, Yield QTL Validation,",CRD,"Lincoln, NE",CT95,plot,1,22,3111,22,31,798,4210,32.28,
2014,University of Nebraska,YldQtl-Val_2014_Lincoln,"Yield QTL Validation, Yield QTL Validation,",CRD,"Lincoln, NE",GOODSYN12,plot,1,17,2165,17,35,810,4687,40.94,
2014,University of Nebraska,YldQtl-Val_2014_Lincoln,"Yield QTL Validation, Yield QTL Validation,",CRD,"Lincoln, NE",GOODSYN17,plot,1,17,2166,17,36,794,4580,44.88,
2014,University of Nebraska,YldQtl-Val_2014_Lincoln,"Yield QTL Validation, Yield QTL Validation,",CRD,"Lincoln, NE",GOODSYN23,plot,1,1,2005,1,35,780,4613,39.37,
2014,University of Nebraska,YldQtl-Val_2014_Lincoln,"Yield QTL Validation, Yield QTL Validation,",CRD,"Lincoln, NE",GOODSYN28,plot,1,1,2006,1,36,803,3948,37.8,
2014,University of Nebraska,YldQtl-Val_2014_Lincoln,"Yield QTL Validation, Yield QTL Validation,",CRD,"Lincoln, NE",GOODSYN35,plot,1,16,2156,16,36,793,5172,42.13,
2014,University of Nebraska,YldQtl-Val_2014_Lincoln,"Yield QTL Validation, Yield QTL Validation,",CRD,"Lincoln, NE",GOODSYN37,plot,1,16,2155,16,35,771,3598,43.31,
2014,University of Nebraska,YldQtl-Val_2014_Lincoln,"Yield QTL Validation, Yield QTL Validation,",CRD,"Lincoln, NE",GOODSYN43,plot,1,7,2069,7,39,788,4452,43.31,
2014,University of Nebraska,YldQtl-Val_2014_Lincoln,"Yield QTL Validation, Yield QTL Validation,",CRD,"Lincoln, NE",GOODSYN44,plot,1,7,2070,7,40,794,4230,44.09,
2014,University of Nebraska,YldQtl-Val_2014_Lincoln,"Yield QTL Validation, Yield QTL Validation,",CRD,"Lincoln, NE",GOODSYN5,plot,1,17,2161,17,31,800,3282,45.67,
2014,University of Nebraska,YldQtl-Val_2014_Lincoln,"Yield QTL Validation, Yield QTL Validation,",CRD,"Lincoln, NE",GOODSYN51,plot,1,18,2174,18,34,796,4950,40.94,
2014,University of Nebraska,YldQtl-Val_2014_Lincoln,"Yield QTL Validation, Yield QTL Validation,",CRD,"Lincoln, NE",GOODSYN58,plot,1,18,2173,18,33,813,5454,35.43,
2014,University of Nebraska,YldQtl-Val_2014_Lincoln,"Yield QTL Validation, Yield QTL Validation,",CRD,"Lincoln, NE",GOODSYN61,plot,1,16,2152,16,32,785,4250,40.94,
2014,University of Nebraska,YldQtl-Val_2014_Lincoln,"Yield QTL Validation, Yield QTL Validation,",CRD,"Lincoln, NE",GOODSYN62,plot,1,16,2151,16,31,794,3342,40.16,
2014,University of Nebraska,YldQtl-Val_2014_Lincoln,"Yield QTL Validation, Yield QTL Validation,",CRD,"Lincoln, NE",GOODSYN72,plot,1,7,2066,7,36,786,4748,41.73,
2014,University of Nebraska,YldQtl-Val_2014_Lincoln,"Yield QTL Validation, Yield QTL Validation,",CRD,"Lincoln, NE",GOODSYN8,plot,1,17,2162,17,32,787,4714,47.24,
2014,University of Nebraska,YldQtl-Val_2014_Lincoln,"Yield QTL Validation, Yield QTL Validation,",CRD,"Lincoln, NE",GOODSYN80,plot,1,7,2065,7,35,795,4613,45.67,
2014,University of Nebraska,YldQtl-Val_2014_Lincoln,"Yield QTL Validation, Yield QTL Validation,",CRD,"Lincoln, NE",GOODSYN82,plot,1,2,2020,2,40,801,4122,40.16,
2014,University of Nebraska,YldQtl-Val_2014_Lincoln,"Yield QTL Validation, Yield QTL Validation,",CRD,"Lincoln, NE",GOODSYN88,plot,1,2,2019,2,39,805,4311,41.34,
2014,University of Nebraska,YldQtl-Val_2014_Lincoln,"Yield QTL Validation, Yield QTL Validation,",CRD,"Lincoln, NE",HW_124,plot,1,13,2124,13,34,770,5071,37.8,
2014,University of Nebraska,YldQtl-Val_2014_Lincoln,"Yield QTL Validation, Yield QTL Validation,",CRD,"Lincoln, NE",HW_132,plot,1,13,2126,13,36,717,4022,37.8,
2014,University of Nebraska,YldQtl-Val_2014_Lincoln,"Yield QTL Validation, Yield QTL Validation,",CRD,"Lincoln, NE",HW_133,plot,1,14,2140,14,40,729,4203,33.07,
2014,University of Nebraska,YldQtl-Val_2014_Lincoln,"Yield QTL Validation, Yield QTL Validation,",CRD,"Lincoln, NE",HW_141,plot,1,14,2138,14,38,763,4829,33.86,
2014,University of Nebraska,YldQtl-Val_2014_Lincoln,"Yield QTL Validation, Yield QTL Validation,",CRD,"Lincoln, NE",HW_155,plot,1,13,2122,13,32,760,5010,40.55,
2014,University of Nebraska,YldQtl-Val_2014_Lincoln,"Yield QTL Validation, Yield QTL Validation,",CRD,"Lincoln, NE",HW_174,plot,1,14,2132,14,32,780,4714,30.71,
2014,University of Nebraska,YldQtl-Val_2014_Lincoln,"Yield QTL Validation, Yield QTL Validation,",CRD,"Lincoln, NE",HW_175,plot,1,13,2128,13,38,755,4909,35.43,
2014,University of Nebraska,YldQtl-Val_2014_Lincoln,"Yield QTL Validation, Yield QTL Validation,",CRD,"Lincoln, NE",HW_182,plot,1,13,2125,13,35,738,4741,33.86,
2014,University of Nebraska,YldQtl-Val_2014_Lincoln,"Yield QTL Validation, Yield QTL Validation,",CRD,"Lincoln, NE",HW_237,plot,1,14,2137,14,37,767,4708,32.28,
2014,University of Nebraska,YldQtl-Val_2014_Lincoln,"Yield QTL Validation, Yield QTL Validation,",CRD,"Lincoln, NE",HW_240,plot,1,14,2136,14,36,784,4539,32.28,
2014,University of Nebraska,YldQtl-Val_2014_Lincoln,"Yield QTL Validation, Yield QTL Validation,",CRD,"Lincoln, NE",HW_246,plot,1,13,2127,13,37,746,4270,38.58,
2014,University of Nebraska,YldQtl-Val_2014_Lincoln,"Yield QTL Validation, Yield QTL Validation,",CRD,"Lincoln, NE",HW_256,plot,1,13,2129,13,39,768,5165,32.28,
2014,University of Nebraska,YldQtl-Val_2014_Lincoln,"Yield QTL Validation, Yield QTL Validation,",CRD,"Lincoln, NE",HW_261,plot,1,13,2121,13,31,762,3571,33.86,
2014,University of Nebraska,YldQtl-Val_2014_Lincoln,"Yield QTL Validation, Yield QTL Validation,",CRD,"Lincoln, NE",HW_266,plot,1,14,2139,14,39,767,5219,33.07,
2014,University of Nebraska,YldQtl-Val_2014_Lincoln,"Yield QTL Validation, Yield QTL Validation,",CRD,"Lincoln, NE",HW_267,plot,1,13,2130,13,40,716,4096,39.37,
2014,University of Nebraska,YldQtl-Val_2014_Lincoln,"Yield QTL Validation, Yield QTL Validation,",CRD,"Lincoln, NE",HW_29,plot,1,14,2134,14,34,741,4042,35.43,
2014,University of Nebraska,YldQtl-Val_2014_Lincoln,"Yield QTL Validation, Yield QTL Validation,",CRD,"Lincoln, NE",HW_37,plot,1,14,2133,14,33,807,5104,32.28,
2014,University of Nebraska,YldQtl-Val_2014_Lincoln,"Yield QTL Validation, Yield QTL Validation,",CRD,"Lincoln, NE",HW_44,plot,1,14,2135,14,35,780,4802,33.07,
2014,University of Nebraska,YldQtl-Val_2014_Lincoln,"Yield QTL Validation, Yield QTL Validation,",CRD,"Lincoln, NE",HW_83,plot,1,14,2131,14,31,742,1930,34.65,
2014,University of Nebraska,YldQtl-Val_2014_Lincoln,"Yield QTL Validation, Yield QTL Validation,",CRD,"Lincoln, NE",HW_98,plot,1,13,2123,13,33,788,5515,33.86,
2014,University of Nebraska,YldQtl-Val_2014_Lincoln,"Yield QTL Validation, Yield QTL Validation,",CRD,"Lincoln, NE",NE06545,plot,1,7,2062,7,32,753,4997,35.43,
2014,University of Nebraska,YldQtl-Val_2014_Lincoln,"Yield QTL Validation, Yield QTL Validation,",CRD,"Lincoln, NE",NE12568,plot,1,17,2163,17,33,805,4506,33.86,
2014,University of Nebraska,YldQtl-Val_2014_Lincoln,"Yield QTL Validation, Yield QTL Validation,",CRD,"Lincoln, NE",NE12571,plot,1,17,2164,17,34,800,5172,37.01,
2014,University of Nebraska,YldQtl-Val_2014_Lincoln,"Yield QTL Validation, Yield QTL Validation,",CRD,"Lincoln, NE",NE13407,plot,1,7,2068,7,38,786,4553,29.92,
2014,University of Nebraska,YldQtl-Val_2014_Lincoln,"Yield QTL Validation, Yield QTL Validation,",CRD,"Lincoln, NE",NE13412,plot,1,20,2195,20,35,810,4378,37.8,
2014,University of Nebraska,YldQtl-Val_2014_Lincoln,"Yield QTL Validation, Yield QTL Validation,",CRD,"Lincoln, NE",NE13417,plot,1,7,2067,7,37,795,3396,34.65,
2014,University of Nebraska,YldQtl-Val_2014_Lincoln,"Yield QTL Validation, Yield QTL Validation,",CRD,"Lincoln, NE",NE13441,plot,1,18,2180,18,40,784,4613,34.65,
2014,University of Nebraska,YldQtl-Val_2014_Lincoln,"Yield QTL Validation, Yield QTL Validation,",CRD,"Lincoln, NE",NE13449,plot,1,1,2008,1,38,759,4660,29.13,
2014,University of Nebraska,YldQtl-Val_2014_Lincoln,"Yield QTL Validation, Yield QTL Validation,",CRD,"Lincoln, NE",NE13470,plot,1,19,2189,19,39,766,5246,31.5,
2014,University of Nebraska,YldQtl-Val_2014_Lincoln,"Yield QTL Validation, Yield QTL Validation,",CRD,"Lincoln, NE",NE13498,plot,1,19,2186,19,36,816,4486,38.58,
2014,University of Nebraska,YldQtl-Val_2014_Lincoln,"Yield QTL Validation, Yield QTL Validation,",CRD,"Lincoln, NE",NE13510,plot,1,19,2190,19,40,782,5064,32.28,
2014,University of Nebraska,YldQtl-Val_2014_Lincoln,"Yield QTL Validation, Yield QTL Validation,",CRD,"Lincoln, NE",NE13522,plot,1,18,2177,18,37,778,5319,35.43,
2014,University of Nebraska,YldQtl-Val_2014_Lincoln,"Yield QTL Validation, Yield QTL Validation,",CRD,"Lincoln, NE",NE13556,plot,1,9,2083,9,33,795,5246,33.86,
2014,University of Nebraska,YldQtl-Val_2014_Lincoln,"Yield QTL Validation, Yield QTL Validation,",CRD,"Lincoln, NE",NE13571,plot,1,19,2185,19,35,769,4748,37.8,
2014,University of Nebraska,YldQtl-Val_2014_Lincoln,"Yield QTL Validation, Yield QTL Validation,",CRD,"Lincoln, NE",NE13589,plot,1,3,2029,3,39,788,5017,37.01,
2014,University of Nebraska,YldQtl-Val_2014_Lincoln,"Yield QTL Validation, Yield QTL Validation,",CRD,"Lincoln, NE",NE13593,plot,1,16,2153,16,33,787,4963,34.65,
2014,University of Nebraska,YldQtl-Val_2014_Lincoln,"Yield QTL Validation, Yield QTL Validation,",CRD,"Lincoln, NE",NE13607,plot,1,18,2176,18,36,767,4929,35.43,
2014,University of Nebraska,YldQtl-Val_2014_Lincoln,"Yield QTL Validation, Yield QTL Validation,",CRD,"Lincoln, NE",NE13625,plot,1,6,2058,6,38,787,5353,37.8,
2014,University of Nebraska,YldQtl-Val_2014_Lincoln,"Yield QTL Validation, Yield QTL Validation,",CRD,"Lincoln, NE",NE13627,plot,1,9,2084,9,34,761,4788,33.86,
2014,University of Nebraska,YldQtl-Val_2014_Lincoln,"Yield QTL Validation, Yield QTL Validation,",CRD,"Lincoln, NE",NE13628,plot,1,1,2007,1,37,781,4096,31.5,
2014,University of Nebraska,YldQtl-Val_2014_Lincoln,"Yield QTL Validation, Yield QTL Validation,",CRD,"Lincoln, NE",NE13630,plot,1,20,2196,20,36,739,5380,35.43,
2014,University of Nebraska,YldQtl-Val_2014_Lincoln,"Yield QTL Validation, Yield QTL Validation,",CRD,"Lincoln, NE",NE13637,plot,1,18,2175,18,35,752,4694,36.22,
2014,University of Nebraska,YldQtl-Val_2014_Lincoln,"Yield QTL Validation, Yield QTL Validation,",CRD,"Lincoln, NE",NE13638,plot,1,18,2179,18,39,745,4196,32.28,
2014,University of Nebraska,YldQtl-Val_2014_Lincoln,"Yield QTL Validation, Yield QTL Validation,",CRD,"Lincoln, NE",NE13639,plot,1,18,2178,18,38,786,5757,39.76,
2014,University of Nebraska,YldQtl-Val_2014_Lincoln,"Yield QTL Validation, Yield QTL Validation,",CRD,"Lincoln, NE",NE13655,plot,1,6,2059,6,39,675,1574,42.52,
2014,University of Nebraska,YldQtl-Val_2014_Lincoln,"Yield QTL Validation, Yield QTL Validation,",CRD,"Lincoln, NE",NE13660,plot,1,6,2060,6,40,720,3504,35.43,
2014,University of Nebraska,YldQtl-Val_2014_Lincoln,"Yield QTL Validation, Yield QTL Validation,",CRD,"Lincoln, NE",NE13680,plot,1,16,2154,16,34,790,5172,44.88,
2014,University of Nebraska,YldQtl-Val_2014_Lincoln,"Yield QTL Validation, Yield QTL Validation,",CRD,"Lincoln, NE",NE13695,plot,1,6,2057,6,37,775,4129,43.31,
2014,University of Nebraska,YldQtl-Val_2014_Lincoln,"Yield QTL Validation, Yield QTL Validation,",CRD,"Lincoln, NE",NE13697,plot,1,6,2052,6,32,729,4391,38.58,
2014,University of Nebraska,YldQtl-Val_2014_Lincoln,"Yield QTL Validation, Yield QTL Validation,",CRD,"Lincoln, NE",NE13698,plot,1,6,2051,6,31,778,3544,36.22,
2014,University of Nebraska,YldQtl-Val_2014_Lincoln,"Yield QTL Validation, Yield QTL Validation,",CRD,"Lincoln, NE",NE13700,plot,1,3,2030,3,40,773,4284,38.58,
2014,University of Nebraska,YldQtl-Val_2014_Lincoln,"Yield QTL Validation, Yield QTL Validation,",CRD,"Lincoln, NE",NH13415,plot,1,5,2041,5,31,802,2764,31.5,
2014,University of Nebraska,YldQtl-Val_2014_Lincoln,"Yield QTL Validation, Yield QTL Validation,",CRD,"Lincoln, NE",NH13606,plot,1,5,2042,5,32,758,3954,33.86,
2014,University of Nebraska,YldQtl-Val_2014_Lincoln,"Yield QTL Validation, Yield QTL Validation,",CRD,"Lincoln, NE",NH13692,plot,1,20,2191,20,31,723,3161,43.31,
2014,University of Nebraska,YldQtl-Val_2014_Lincoln,"Yield QTL Validation, Yield QTL Validation,",CRD,"Lincoln, NE",NH13693,plot,1,20,2192,20,32,721,3867,40.55,
2014,University of Nebraska,YldQtl-Val_2014_Lincoln,"Yield QTL Validation, Yield QTL Validation,",CRD,"Lincoln, NE",NW13455,plot,1,19,2181,19,31,782,4929,34.65,
2014,University of Nebraska,YldQtl-Val_2014_Lincoln,"Yield QTL Validation, Yield QTL Validation,",CRD,"Lincoln, NE",NW13457,plot,1,15,2141,15,31,803,4210,36.22,
2014,University of Nebraska,YldQtl-Val_2014_Lincoln,"Yield QTL Validation, Yield QTL Validation,",CRD,"Lincoln, NE",NW13499,plot,1,5,2046,5,36,793,4479,40.16,
2014,University of Nebraska,YldQtl-Val_2014_Lincoln,"Yield QTL Validation, Yield QTL Validation,",CRD,"Lincoln, NE",NW13502,plot,1,19,2184,19,34,792,5151,34.65,
2014,University of Nebraska,YldQtl-Val_2014_Lincoln,"Yield QTL Validation, Yield QTL Validation,",CRD,"Lincoln, NE",NW13516,plot,1,9,2089,9,39,762,4687,31.5,
2014,University of Nebraska,YldQtl-Val_2014_Lincoln,"Yield QTL Validation, Yield QTL Validation,",CRD,"Lincoln, NE",NW13526,plot,1,19,2182,19,32,778,5030,34.65,
2014,University of Nebraska,YldQtl-Val_2014_Lincoln,"Yield QTL Validation, Yield QTL Validation,",CRD,"Lincoln, NE",NW13536,plot,1,20,2193,20,33,751,4344,35.43,
2014,University of Nebraska,YldQtl-Val_2014_Lincoln,"Yield QTL Validation, Yield QTL Validation,",CRD,"Lincoln, NE",NW13559,plot,1,18,2172,18,32,758,4950,33.86,
2014,University of Nebraska,YldQtl-Val_2014_Lincoln,"Yield QTL Validation, Yield QTL Validation,",CRD,"Lincoln, NE",NW13563,plot,1,9,2090,9,40,760,4405,31.5,
2014,University of Nebraska,YldQtl-Val_2014_Lincoln,"Yield QTL Validation, Yield QTL Validation,",CRD,"Lincoln, NE",NW13572,plot,1,5,2045,5,35,789,4654,39.37,
2014,University of Nebraska,YldQtl-Val_2014_Lincoln,"Yield QTL Validation, Yield QTL Validation,",CRD,"Lincoln, NE",NW13575,plot,1,19,2183,19,33,785,4694,38.98,
2014,University of Nebraska,YldQtl-Val_2014_Lincoln,"Yield QTL Validation, Yield QTL Validation,",CRD,"Lincoln, NE",NW13596,plot,1,18,2171,18,31,767,4075,37.8,
2014,University of Nebraska,YldQtl-Val_2014_Lincoln,"Yield QTL Validation, Yield QTL Validation,",CRD,"Lincoln, NE",NW13615,plot,1,15,2142,15,32,747,4714,33.86,
2014,University of Nebraska,YldQtl-Val_2014_Lincoln,"Yield QTL Validation, Yield QTL Validation,",CRD,"Lincoln, NE",NW13652,plot,1,9,2082,9,32,785,4694,33.46,
2014,University of Nebraska,YldQtl-Val_2014_Lincoln,"Yield QTL Validation, Yield QTL Validation,",CRD,"Lincoln, NE",NW13666,plot,1,20,2194,20,34,722,3369,29.92,
2014,University of Nebraska,YldQtl-Val_2014_Lincoln,"Yield QTL Validation, Yield QTL Validation,",CRD,"Lincoln, NE",NW13669,plot,1,9,2081,9,31,768,3006,35.43,
2014,University of Nebraska,YldQtl-Val_2014_Lincoln,"Yield QTL Validation, Yield QTL Validation,",CRD,"Lincoln, NE",TX1112_10,plot,1,12,2111,12,31,810,3167,37.8,
2014,University of Nebraska,YldQtl-Val_2014_Lincoln,"Yield QTL Validation, Yield QTL Validation,",CRD,"Lincoln, NE",TX1112_105,plot,1,11,2103,11,33,778,4674,36.22,
2014,University of Nebraska,YldQtl-Val_2014_Lincoln,"Yield QTL Validation, Yield QTL Validation,",CRD,"Lincoln, NE",TX1112_108,plot,1,11,2104,11,34,796,4634,33.07,
2014,University of Nebraska,YldQtl-Val_2014_Lincoln,"Yield QTL Validation, Yield QTL Validation,",CRD,"Lincoln, NE",TX1112_11,plot,1,11,2110,11,40,791,4385,35.43,
2014,University of Nebraska,YldQtl-Val_2014_Lincoln,"Yield QTL Validation, Yield QTL Validation,",CRD,"Lincoln, NE",TX1112_111,plot,1,12,2120,12,40,724,3517,33.86,
2014,University of Nebraska,YldQtl-Val_2014_Lincoln,"Yield QTL Validation, Yield QTL Validation,",CRD,"Lincoln, NE",TX1112_112,plot,1,11,2105,11,35,818,4163,31.5,
2014,University of Nebraska,YldQtl-Val_2014_Lincoln,"Yield QTL Validation, Yield QTL Validation,",CRD,"Lincoln, NE",TX1112_113,plot,1,12,2118,12,38,795,4512,33.07,
2014,University of Nebraska,YldQtl-Val_2014_Lincoln,"Yield QTL Validation, Yield QTL Validation,",CRD,"Lincoln, NE",TX1112_115,plot,1,12,2113,12,33,766,4042,32.28,
2014,University of Nebraska,YldQtl-Val_2014_Lincoln,"Yield QTL Validation, Yield QTL Validation,",CRD,"Lincoln, NE",TX1112_119,plot,1,11,2102,11,32,811,4385,33.07,
2014,University of Nebraska,YldQtl-Val_2014_Lincoln,"Yield QTL Validation, Yield QTL Validation,",CRD,"Lincoln, NE",TX1112_122,plot,1,12,2115,12,35,794,5017,32.28,
2014,University of Nebraska,YldQtl-Val_2014_Lincoln,"Yield QTL Validation, Yield QTL Validation,",CRD,"Lincoln, NE",TX1112_123,plot,1,12,2119,12,39,797,3981,30.71,
2014,University of Nebraska,YldQtl-Val_2014_Lincoln,"Yield QTL Validation, Yield QTL Validation,",CRD,"Lincoln, NE",TX1112_124,plot,1,12,2112,12,32,792,4761,33.86,
2014,University of Nebraska,YldQtl-Val_2014_Lincoln,"Yield QTL Validation, Yield QTL Validation,",CRD,"Lincoln, NE",TX1112_46,plot,1,11,2106,11,36,785,4048,35.43,
2014,University of Nebraska,YldQtl-Val_2014_Lincoln,"Yield QTL Validation, Yield QTL Validation,",CRD,"Lincoln, NE",TX1112_48,plot,1,12,2117,12,37,786,4512,37.01,
2014,University of Nebraska,YldQtl-Val_2014_Lincoln,"Yield QTL Validation, Yield QTL Validation,",CRD,"Lincoln, NE",TX1112_52,plot,1,12,2114,12,34,771,4163,37.8,
2014,University of Nebraska,YldQtl-Val_2014_Lincoln,"Yield QTL Validation, Yield QTL Validation,",CRD,"Lincoln, NE",TX1112_63,plot,1,11,2108,11,38,796,4022,31.5,
2014,University of Nebraska,YldQtl-Val_2014_Lincoln,"Yield QTL Validation, Yield QTL Validation,",CRD,"Lincoln, NE",TX1112_65,plot,1,12,2116,12,36,789,4929,29.13,
2014,University of Nebraska,YldQtl-Val_2014_Lincoln,"Yield QTL Validation, Yield QTL Validation,",CRD,"Lincoln, NE",TX1112_67,plot,1,11,2101,11,31,811,2132,32.28,
2014,University of Nebraska,YldQtl-Val_2014_Lincoln,"Yield QTL Validation, Yield QTL Validation,",CRD,"Lincoln, NE",TX1112_69,plot,1,11,2107,11,37,786,4385,33.07,
2014,University of Nebraska,YldQtl-Val_2014_Lincoln,"Yield QTL Validation, Yield QTL Validation,",CRD,"Lincoln, NE",TX1112_87,plot,1,11,2109,11,39,799,4385,35.43,
2014,University of Nebraska,YldQtl-Val_2014_Lincoln,"Yield QTL Validation, Yield QTL Validation,",CRD,"Lincoln, NE",11_26,plot,2,19,2390,19,50,799,5192,37.4,
2014,University of Nebraska,YldQtl-Val_2014_Lincoln,"Yield QTL Validation, Yield QTL Validation,",CRD,"Lincoln, NE",11_73,plot,2,19,2389,19,49,788,5279,40.16,
2014,University of Nebraska,YldQtl-Val_2014_Lincoln,"Yield QTL Validation, Yield QTL Validation,",CRD,"Lincoln, NE",13_13,plot,2,17,2369,17,49,762,4257,34.65,
2014,University of Nebraska,YldQtl-Val_2014_Lincoln,"Yield QTL Validation, Yield QTL Validation,",CRD,"Lincoln, NE",13_59,plot,2,17,2370,17,50,729,4486,37.01,
2014,University of Nebraska,YldQtl-Val_2014_Lincoln,"Yield QTL Validation, Yield QTL Validation,",CRD,"Lincoln, NE",14_10,plot,2,4,2237,4,47,0,4849,33.86,
2014,University of Nebraska,YldQtl-Val_2014_Lincoln,"Yield QTL Validation, Yield QTL Validation,",CRD,"Lincoln, NE",14_2,plot,2,4,2239,4,49,798,5588,37.01,
2014,University of Nebraska,YldQtl-Val_2014_Lincoln,"Yield QTL Validation, Yield QTL Validation,",CRD,"Lincoln, NE",14_22,plot,2,4,2236,4,46,754,4122,35.04,
2014,University of Nebraska,YldQtl-Val_2014_Lincoln,"Yield QTL Validation, Yield QTL Validation,",CRD,"Lincoln, NE",14_23,plot,2,4,2233,4,43,756,4701,37.01,
2014,University of Nebraska,YldQtl-Val_2014_Lincoln,"Yield QTL Validation, Yield QTL Validation,",CRD,"Lincoln, NE",14_31,plot,2,4,2232,4,42,780,5024,34.65,
2014,University of Nebraska,YldQtl-Val_2014_Lincoln,"Yield QTL Validation, Yield QTL Validation,",CRD,"Lincoln, NE",14_65,plot,2,4,2240,4,50,788,4842,36.61,
2014,University of Nebraska,YldQtl-Val_2014_Lincoln,"Yield QTL Validation, Yield QTL Validation,",CRD,"Lincoln, NE",14_66,plot,2,4,2231,4,41,786,4553,31.5,
2014,University of Nebraska,YldQtl-Val_2014_Lincoln,"Yield QTL Validation, Yield QTL Validation,",CRD,"Lincoln, NE",14_71,plot,2,4,2234,4,44,800,5441,35.83,
2014,University of Nebraska,YldQtl-Val_2014_Lincoln,"Yield QTL Validation, Yield QTL Validation,",CRD,"Lincoln, NE",14_83,plot,2,4,2238,4,48,790,5172,37.01,
2014,University of Nebraska,YldQtl-Val_2014_Lincoln,"Yield QTL Validation, Yield QTL Validation,",CRD,"Lincoln, NE",14_88,plot,2,4,2235,4,45,811,5050,35.83,
2014,University of Nebraska,YldQtl-Val_2014_Lincoln,"Yield QTL Validation, Yield QTL Validation,",CRD,"Lincoln, NE",15_18,plot,2,12,2319,12,49,802,5037,34.65,
2014,University of Nebraska,YldQtl-Val_2014_Lincoln,"Yield QTL Validation, Yield QTL Validation,",CRD,"Lincoln, NE",15_44,plot,2,12,2320,12,50,801,5158,35.04,
2014,University of Nebraska,YldQtl-Val_2014_Lincoln,"Yield QTL Validation, Yield QTL Validation,",CRD,"Lincoln, NE",4_12,plot,2,16,2352,16,42,744,4129,33.46,
2014,University of Nebraska,YldQtl-Val_2014_Lincoln,"Yield QTL Validation, Yield QTL Validation,",CRD,"Lincoln, NE",4_19,plot,2,16,2351,16,41,777,5387,32.28,
2014,University of Nebraska,YldQtl-Val_2014_Lincoln,"Yield QTL Validation, Yield QTL Validation,",CRD,"Lincoln, NE",7_101,plot,2,10,2296,10,46,796,4822,35.43,
2014,University of Nebraska,YldQtl-Val_2014_Lincoln,"Yield QTL Validation, Yield QTL Validation,",CRD,"Lincoln, NE",7_105,plot,2,10,2294,10,44,795,4997,35.43,
2014,University of Nebraska,YldQtl-Val_2014_Lincoln,"Yield QTL Validation, Yield QTL Validation,",CRD,"Lincoln, NE",7_11,plot,2,10,2300,10,50,761,4304,35.04,
2014,University of Nebraska,YldQtl-Val_2014_Lincoln,"Yield QTL Validation, Yield QTL Validation,",CRD,"Lincoln, NE",7_140,plot,2,10,2293,10,43,790,4950,36.61,
2014,University of Nebraska,YldQtl-Val_2014_Lincoln,"Yield QTL Validation, Yield QTL Validation,",CRD,"Lincoln, NE",7_29,plot,2,10,2298,10,48,784,4956,40.16,
2014,University of Nebraska,YldQtl-Val_2014_Lincoln,"Yield QTL Validation, Yield QTL Validation,",CRD,"Lincoln, NE",7_45,plot,2,10,2297,10,47,770,4418,35.43,
2014,University of Nebraska,YldQtl-Val_2014_Lincoln,"Yield QTL Validation, Yield QTL Validation,",CRD,"Lincoln, NE",7_55,plot,2,10,2299,10,49,766,4539,40.55,
2014,University of Nebraska,YldQtl-Val_2014_Lincoln,"Yield QTL Validation, Yield QTL Validation,",CRD,"Lincoln, NE",7_61,plot,2,10,2292,10,42,800,5145,37.01,
2014,University of Nebraska,YldQtl-Val_2014_Lincoln,"Yield QTL Validation, Yield QTL Validation,",CRD,"Lincoln, NE",7_86,plot,2,10,2295,10,45,783,4096,34.65,
2014,University of Nebraska,YldQtl-Val_2014_Lincoln,"Yield QTL Validation, Yield QTL Validation,",CRD,"Lincoln, NE",7_9,plot,2,10,2291,10,41,785,4687,40.16,
2014,University of Nebraska,YldQtl-Val_2014_Lincoln,"Yield QTL Validation, Yield QTL Validation,",CRD,"Lincoln, NE",CO11D1111,plot,2,5,2246,5,46,771,4365,32.28,
2014,University of Nebraska,YldQtl-Val_2014_Lincoln,"Yield QTL Validation, Yield QTL Validation,",CRD,"Lincoln, NE",CO11D1119,plot,2,5,2245,5,45,761,3652,32.28,
2014,University of Nebraska,YldQtl-Val_2014_Lincoln,"Yield QTL Validation, Yield QTL Validation,",CRD,"Lincoln, NE",CO11D1125,plot,2,5,2243,5,43,758,4412,35.43,
2014,University of Nebraska,YldQtl-Val_2014_Lincoln,"Yield QTL Validation, Yield QTL Validation,",CRD,"Lincoln, NE",CO11D1127,plot,2,5,2244,5,44,802,4512,33.07,
2014,University of Nebraska,YldQtl-Val_2014_Lincoln,"Yield QTL Validation, Yield QTL Validation,",CRD,"Lincoln, NE",CO11D1140,plot,2,17,2364,17,44,759,4351,37.01,
2014,University of Nebraska,YldQtl-Val_2014_Lincoln,"Yield QTL Validation, Yield QTL Validation,",CRD,"Lincoln, NE",CO11D1156,plot,2,17,2365,17,45,792,4963,37.01,
2014,University of Nebraska,YldQtl-Val_2014_Lincoln,"Yield QTL Validation, Yield QTL Validation,",CRD,"Lincoln, NE",CO11D1159,plot,2,17,2363,17,43,799,5225,36.22,
2014,University of Nebraska,YldQtl-Val_2014_Lincoln,"Yield QTL Validation, Yield QTL Validation,",CRD,"Lincoln, NE",CO11D1174,plot,2,9,2282,9,42,740,4048,35.43,
2014,University of Nebraska,YldQtl-Val_2014_Lincoln,"Yield QTL Validation, Yield QTL Validation,",CRD,"Lincoln, NE",CO11D1182,plot,2,9,2283,9,43,796,4694,33.86,
2014,University of Nebraska,YldQtl-Val_2014_Lincoln,"Yield QTL Validation, Yield QTL Validation,",CRD,"Lincoln, NE",CO11D1186,plot,2,9,2284,9,44,780,4546,35.43,
2014,University of Nebraska,YldQtl-Val_2014_Lincoln,"Yield QTL Validation, Yield QTL Validation,",CRD,"Lincoln, NE",CO11D1190,plot,2,9,2281,9,41,783,4923,35.43,
2014,University of Nebraska,YldQtl-Val_2014_Lincoln,"Yield QTL Validation, Yield QTL Validation,",CRD,"Lincoln, NE",CO11D1213,plot,2,20,2400,20,50,787,5198,33.46,
2014,University of Nebraska,YldQtl-Val_2014_Lincoln,"Yield QTL Validation, Yield QTL Validation,",CRD,"Lincoln, NE",CO11D1219,plot,2,20,2398,20,48,774,4304,37.4,
2014,University of Nebraska,YldQtl-Val_2014_Lincoln,"Yield QTL Validation, Yield QTL Validation,",CRD,"Lincoln, NE",CO11D1221,plot,2,20,2399,20,49,760,4425,37.01,
2014,University of Nebraska,YldQtl-Val_2014_Lincoln,"Yield QTL Validation, Yield QTL Validation,",CRD,"Lincoln, NE",CO11D1231,plot,2,20,2397,20,47,732,4755,39.37,
2014,University of Nebraska,YldQtl-Val_2014_Lincoln,"Yield QTL Validation, Yield QTL Validation,",CRD,"Lincoln, NE",CO11D1236,plot,2,16,2356,16,46,762,5400,37.8,
2014,University of Nebraska,YldQtl-Val_2014_Lincoln,"Yield QTL Validation, Yield QTL Validation,",CRD,"Lincoln, NE",CO11D1240,plot,2,16,2355,16,45,754,4728,30.71,
2014,University of Nebraska,YldQtl-Val_2014_Lincoln,"Yield QTL Validation, Yield QTL Validation,",CRD,"Lincoln, NE",CO11D1248,plot,2,16,2358,16,48,799,5353,37.01,
2014,University of Nebraska,YldQtl-Val_2014_Lincoln,"Yield QTL Validation, Yield QTL Validation,",CRD,"Lincoln, NE",CO11D1268,plot,2,16,2357,16,47,802,5360,37.01,
2014,University of Nebraska,YldQtl-Val_2014_Lincoln,"Yield QTL Validation, Yield QTL Validation,",CRD,"Lincoln, NE",CO11D1287,plot,2,8,2277,8,47,769,4445,36.22,
2014,University of Nebraska,YldQtl-Val_2014_Lincoln,"Yield QTL Validation, Yield QTL Validation,",CRD,"Lincoln, NE",CO11D1298,plot,2,8,2275,8,45,771,5232,37.01,
2014,University of Nebraska,YldQtl-Val_2014_Lincoln,"Yield QTL Validation, Yield QTL Validation,",CRD,"Lincoln, NE",CO11D1302W,plot,2,8,2278,8,48,774,4600,34.65,
2014,University of Nebraska,YldQtl-Val_2014_Lincoln,"Yield QTL Validation, Yield QTL Validation,",CRD,"Lincoln, NE",CO11D1312,plot,2,8,2276,8,46,770,5447,36.22,
2014,University of Nebraska,YldQtl-Val_2014_Lincoln,"Yield QTL Validation, Yield QTL Validation,",CRD,"Lincoln, NE",CO11D1315W,plot,2,9,2288,9,48,731,3268,35.43,
2014,University of Nebraska,YldQtl-Val_2014_Lincoln,"Yield QTL Validation, Yield QTL Validation,",CRD,"Lincoln, NE",CO11D1316W,plot,2,9,2287,9,47,758,3968,35.43,
2014,University of Nebraska,YldQtl-Val_2014_Lincoln,"Yield QTL Validation, Yield QTL Validation,",CRD,"Lincoln, NE",CO11D1322,plot,2,9,2286,9,46,750,3968,34.65,
2014,University of Nebraska,YldQtl-Val_2014_Lincoln,"Yield QTL Validation, Yield QTL Validation,",CRD,"Lincoln, NE",CO11D1341,plot,2,9,2285,9,45,800,5333,36.61,
2014,University of Nebraska,YldQtl-Val_2014_Lincoln,"Yield QTL Validation, Yield QTL Validation,",CRD,"Lincoln, NE",CO11D1353,plot,2,1,2201,1,41,795,4909,34.65,
2014,University of Nebraska,YldQtl-Val_2014_Lincoln,"Yield QTL Validation, Yield QTL Validation,",CRD,"Lincoln, NE",CO11D1371,plot,2,1,2204,1,44,815,4909,35.43,
2014,University of Nebraska,YldQtl-Val_2014_Lincoln,"Yield QTL Validation, Yield QTL Validation,",CRD,"Lincoln, NE",CO11D1380,plot,2,1,2202,1,42,784,4526,33.86,
2014,University of Nebraska,YldQtl-Val_2014_Lincoln,"Yield QTL Validation, Yield QTL Validation,",CRD,"Lincoln, NE",CO11D1397,plot,2,1,2203,1,43,789,4869,30.71,
2014,University of Nebraska,YldQtl-Val_2014_Lincoln,"Yield QTL Validation, Yield QTL Validation,",CRD,"Lincoln, NE",CO11D1409,plot,2,19,2387,19,47,785,5555,37.01,
2014,University of Nebraska,YldQtl-Val_2014_Lincoln,"Yield QTL Validation, Yield QTL Validation,",CRD,"Lincoln, NE",CO11D1414,plot,2,19,2388,19,48,759,4452,37.01,
2014,University of Nebraska,YldQtl-Val_2014_Lincoln,"Yield QTL Validation, Yield QTL Validation,",CRD,"Lincoln, NE",CO11D1418,plot,2,19,2385,19,45,816,5071,34.65,
2014,University of Nebraska,YldQtl-Val_2014_Lincoln,"Yield QTL Validation, Yield QTL Validation,",CRD,"Lincoln, NE",CO11D1431,plot,2,19,2386,19,46,792,5077,33.86,
2014,University of Nebraska,YldQtl-Val_2014_Lincoln,"Yield QTL Validation, Yield QTL Validation,",CRD,"Lincoln, NE",CO11D1539,plot,2,18,2377,18,47,771,5703,37.01,
2014,University of Nebraska,YldQtl-Val_2014_Lincoln,"Yield QTL Validation, Yield QTL Validation,",CRD,"Lincoln, NE",CO11D1542,plot,2,18,2378,18,48,755,5232,37.01,
2014,University of Nebraska,YldQtl-Val_2014_Lincoln,"Yield QTL Validation, Yield QTL Validation,",CRD,"Lincoln, NE",CO11D1543,plot,2,18,2380,18,50,776,5306,38.58,
2014,University of Nebraska,YldQtl-Val_2014_Lincoln,"Yield QTL Validation, Yield QTL Validation,",CRD,"Lincoln, NE",CO11D1545,plot,2,18,2379,18,49,775,5454,37.01,
2014,University of Nebraska,YldQtl-Val_2014_Lincoln,"Yield QTL Validation, Yield QTL Validation,",CRD,"Lincoln, NE",CO11D1555W,plot,2,18,2376,18,46,808,4566,36.22,
2014,University of Nebraska,YldQtl-Val_2014_Lincoln,"Yield QTL Validation, Yield QTL Validation,",CRD,"Lincoln, NE",CO11D1559,plot,2,18,2375,18,45,798,4250,33.86,
2014,University of Nebraska,YldQtl-Val_2014_Lincoln,"Yield QTL Validation, Yield QTL Validation,",CRD,"Lincoln, NE",CO11D1584,plot,2,18,2374,18,44,816,4634,40.16,
2014,University of Nebraska,YldQtl-Val_2014_Lincoln,"Yield QTL Validation, Yield QTL Validation,",CRD,"Lincoln, NE",CO11D1600W,plot,2,18,2373,18,43,788,5185,39.37,
2014,University of Nebraska,YldQtl-Val_2014_Lincoln,"Yield QTL Validation, Yield QTL Validation,",CRD,"Lincoln, NE",CO11D1615,plot,2,11,2305,11,45,733,3901,36.22,
2014,University of Nebraska,YldQtl-Val_2014_Lincoln,"Yield QTL Validation, Yield QTL Validation,",CRD,"Lincoln, NE",CO11D1620,plot,2,11,2306,11,46,713,3907,34.65,
2014,University of Nebraska,YldQtl-Val_2014_Lincoln,"Yield QTL Validation, Yield QTL Validation,",CRD,"Lincoln, NE",CO11D1631,plot,2,11,2303,11,43,735,4022,33.86,
2014,University of Nebraska,YldQtl-Val_2014_Lincoln,"Yield QTL Validation, Yield QTL Validation,",CRD,"Lincoln, NE",CO11D1633,plot,2,11,2304,11,44,751,3786,36.22,
2014,University of Nebraska,YldQtl-Val_2014_Lincoln,"Yield QTL Validation, Yield QTL Validation,",CRD,"Lincoln, NE",CO11D1642,plot,2,3,2228,3,48,778,4277,32.68,
2014,University of Nebraska,YldQtl-Val_2014_Lincoln,"Yield QTL Validation, Yield QTL Validation,",CRD,"Lincoln, NE",CO11D1644,plot,2,3,2229,3,49,806,4170,35.43,
2014,University of Nebraska,YldQtl-Val_2014_Lincoln,"Yield QTL Validation, Yield QTL Validation,",CRD,"Lincoln, NE",CO11D1645,plot,2,3,2227,3,47,794,4223,32.28,
2014,University of Nebraska,YldQtl-Val_2014_Lincoln,"Yield QTL Validation, Yield QTL Validation,",CRD,"Lincoln, NE",CO11D1647,plot,2,3,2230,3,50,796,4943,34.65,
2014,University of Nebraska,YldQtl-Val_2014_Lincoln,"Yield QTL Validation, Yield QTL Validation,",CRD,"Lincoln, NE",CO11D1654,plot,2,13,2327,13,47,777,4781,34.65,
2014,University of Nebraska,YldQtl-Val_2014_Lincoln,"Yield QTL Validation, Yield QTL Validation,",CRD,"Lincoln, NE",CO11D1656,plot,2,13,2328,13,48,777,4217,30.71,
2014,University of Nebraska,YldQtl-Val_2014_Lincoln,"Yield QTL Validation, Yield QTL Validation,",CRD,"Lincoln, NE",CO11D1657,plot,2,13,2329,13,49,739,4385,32.28,
2014,University of Nebraska,YldQtl-Val_2014_Lincoln,"Yield QTL Validation, Yield QTL Validation,",CRD,"Lincoln, NE",CO11D1665,plot,2,13,2330,13,50,785,4667,33.46,
2014,University of Nebraska,YldQtl-Val_2014_Lincoln,"Yield QTL Validation, Yield QTL Validation,",CRD,"Lincoln, NE",CO11D1686,plot,2,1,2208,1,48,750,4512,33.46,
2014,University of Nebraska,YldQtl-Val_2014_Lincoln,"Yield QTL Validation, Yield QTL Validation,",CRD,"Lincoln, NE",CO11D1715,plot,2,1,2209,1,49,776,4956,33.46,
2014,University of Nebraska,YldQtl-Val_2014_Lincoln,"Yield QTL Validation, Yield QTL Validation,",CRD,"Lincoln, NE",CO11D1731,plot,2,1,2207,1,47,776,3504,31.5,
2014,University of Nebraska,YldQtl-Val_2014_Lincoln,"Yield QTL Validation, Yield QTL Validation,",CRD,"Lincoln, NE",CO11D1746,plot,2,1,2210,1,50,763,4499,34.65,
2014,University of Nebraska,YldQtl-Val_2014_Lincoln,"Yield QTL Validation, Yield QTL Validation,",CRD,"Lincoln, NE",CO11D1758W,plot,2,11,2308,11,48,779,3578,36.22,
2014,University of Nebraska,YldQtl-Val_2014_Lincoln,"Yield QTL Validation, Yield QTL Validation,",CRD,"Lincoln, NE",CO11D1767,plot,2,11,2310,11,50,757,4728,33.07,
2014,University of Nebraska,YldQtl-Val_2014_Lincoln,"Yield QTL Validation, Yield QTL Validation,",CRD,"Lincoln, NE",CO11D1789,plot,2,11,2309,11,49,761,3988,37.01,
2014,University of Nebraska,YldQtl-Val_2014_Lincoln,"Yield QTL Validation, Yield QTL Validation,",CRD,"Lincoln, NE",CO11D1799,plot,2,11,2307,11,47,765,4425,35.43,
2014,University of Nebraska,YldQtl-Val_2014_Lincoln,"Yield QTL Validation, Yield QTL Validation,",CRD,"Lincoln, NE",CT103,plot,2,14,2331,14,41,771,4882,32.28,
2014,University of Nebraska,YldQtl-Val_2014_Lincoln,"Yield QTL Validation, Yield QTL Validation,",CRD,"Lincoln, NE",CT110,plot,2,15,2346,15,46,718,3490,34.65,
2014,University of Nebraska,YldQtl-Val_2014_Lincoln,"Yield QTL Validation, Yield QTL Validation,",CRD,"Lincoln, NE",CT111,plot,2,15,2343,15,43,769,4210,33.07,
2014,University of Nebraska,YldQtl-Val_2014_Lincoln,"Yield QTL Validation, Yield QTL Validation,",CRD,"Lincoln, NE",CT112,plot,2,15,2341,15,41,767,3147,34.65,
2014,University of Nebraska,YldQtl-Val_2014_Lincoln,"Yield QTL Validation, Yield QTL Validation,",CRD,"Lincoln, NE",CT115,plot,2,15,2350,15,50,763,4257,35.04,
2014,University of Nebraska,YldQtl-Val_2014_Lincoln,"Yield QTL Validation, Yield QTL Validation,",CRD,"Lincoln, NE",CT125,plot,2,14,2332,14,42,773,3847,37.01,
2014,University of Nebraska,YldQtl-Val_2014_Lincoln,"Yield QTL Validation, Yield QTL Validation,",CRD,"Lincoln, NE",CT135,plot,2,14,2334,14,44,780,4008,31.5,
2014,University of Nebraska,YldQtl-Val_2014_Lincoln,"Yield QTL Validation, Yield QTL Validation,",CRD,"Lincoln, NE",CT154,plot,2,14,2335,14,45,737,3174,30.71,
2014,University of Nebraska,YldQtl-Val_2014_Lincoln,"Yield QTL Validation, Yield QTL Validation,",CRD,"Lincoln, NE",CT163,plot,2,15,2344,15,44,730,3793,33.46,
2014,University of Nebraska,YldQtl-Val_2014_Lincoln,"Yield QTL Validation, Yield QTL Validation,",CRD,"Lincoln, NE",CT185,plot,2,14,2338,14,48,792,4250,32.68,
2014,University of Nebraska,YldQtl-Val_2014_Lincoln,"Yield QTL Validation, Yield QTL Validation,",CRD,"Lincoln, NE",CT194,plot,2,14,2339,14,49,743,4499,34.65,
2014,University of Nebraska,YldQtl-Val_2014_Lincoln,"Yield QTL Validation, Yield QTL Validation,",CRD,"Lincoln, NE",CT199,plot,2,14,2337,14,47,0,4082,34.25,
2014,University of Nebraska,YldQtl-Val_2014_Lincoln,"Yield QTL Validation, Yield QTL Validation,",CRD,"Lincoln, NE",CT213,plot,2,15,2349,15,49,769,4788,35.04,
2014,University of Nebraska,YldQtl-Val_2014_Lincoln,"Yield QTL Validation, Yield QTL Validation,",CRD,"Lincoln, NE",CT224,plot,2,15,2347,15,47,766,3800,35.43,
2014,University of Nebraska,YldQtl-Val_2014_Lincoln,"Yield QTL Validation, Yield QTL Validation,",CRD,"Lincoln, NE",CT237,plot,2,14,2336,14,46,758,3712,30.71,
2014,University of Nebraska,YldQtl-Val_2014_Lincoln,"Yield QTL Validation, Yield QTL Validation,",CRD,"Lincoln, NE",CT30,plot,2,14,2333,14,43,774,3396,30.71,
2014,University of Nebraska,YldQtl-Val_2014_Lincoln,"Yield QTL Validation, Yield QTL Validation,",CRD,"Lincoln, NE",CT38,plot,2,15,2345,15,45,750,4136,37.01,
2014,University of Nebraska,YldQtl-Val_2014_Lincoln,"Yield QTL Validation, Yield QTL Validation,",CRD,"Lincoln, NE",CT64,plot,2,15,2342,15,42,780,4405,32.28,
2014,University of Nebraska,YldQtl-Val_2014_Lincoln,"Yield QTL Validation, Yield QTL Validation,",CRD,"Lincoln, NE",CT69,plot,2,15,2348,15,48,794,4351,39.37,
2014,University of Nebraska,YldQtl-Val_2014_Lincoln,"Yield QTL Validation, Yield QTL Validation,",CRD,"Lincoln, NE",CT95,plot,2,14,2340,14,50,792,4365,31.89,
2014,University of Nebraska,YldQtl-Val_2014_Lincoln,"Yield QTL Validation, Yield QTL Validation,",CRD,"Lincoln, NE",GOODSYN12,plot,2,3,2224,3,44,797,4176,42.52,
2014,University of Nebraska,YldQtl-Val_2014_Lincoln,"Yield QTL Validation, Yield QTL Validation,",CRD,"Lincoln, NE",GOODSYN17,plot,2,3,2223,3,43,781,4102,45.28,
2014,University of Nebraska,YldQtl-Val_2014_Lincoln,"Yield QTL Validation, Yield QTL Validation,",CRD,"Lincoln, NE",GOODSYN23,plot,2,2,2219,2,49,784,4136,37.01,
2014,University of Nebraska,YldQtl-Val_2014_Lincoln,"Yield QTL Validation, Yield QTL Validation,",CRD,"Lincoln, NE",GOODSYN28,plot,2,2,2220,2,50,775,4721,36.22,
2014,University of Nebraska,YldQtl-Val_2014_Lincoln,"Yield QTL Validation, Yield QTL Validation,",CRD,"Lincoln, NE",GOODSYN35,plot,2,3,2221,3,41,785,4506,38.58,
2014,University of Nebraska,YldQtl-Val_2014_Lincoln,"Yield QTL Validation, Yield QTL Validation,",CRD,"Lincoln, NE",GOODSYN37,plot,2,3,2222,3,42,768,3430,37.01,
2014,University of Nebraska,YldQtl-Val_2014_Lincoln,"Yield QTL Validation, Yield QTL Validation,",CRD,"Lincoln, NE",GOODSYN43,plot,2,16,2359,16,49,794,4620,41.73,
2014,University of Nebraska,YldQtl-Val_2014_Lincoln,"Yield QTL Validation, Yield QTL Validation,",CRD,"Lincoln, NE",GOODSYN44,plot,2,16,2360,16,50,792,4580,44.09,
2014,University of Nebraska,YldQtl-Val_2014_Lincoln,"Yield QTL Validation, Yield QTL Validation,",CRD,"Lincoln, NE",GOODSYN5,plot,2,12,2311,12,41,776,4802,46.46,
2014,University of Nebraska,YldQtl-Val_2014_Lincoln,"Yield QTL Validation, Yield QTL Validation,",CRD,"Lincoln, NE",GOODSYN51,plot,2,13,2325,13,45,789,4129,40.55,
2014,University of Nebraska,YldQtl-Val_2014_Lincoln,"Yield QTL Validation, Yield QTL Validation,",CRD,"Lincoln, NE",GOODSYN58,plot,2,13,2326,13,46,783,3927,43.31,
2014,University of Nebraska,YldQtl-Val_2014_Lincoln,"Yield QTL Validation, Yield QTL Validation,",CRD,"Lincoln, NE",GOODSYN61,plot,2,2,2217,2,47,778,3598,37.4,
2014,University of Nebraska,YldQtl-Val_2014_Lincoln,"Yield QTL Validation, Yield QTL Validation,",CRD,"Lincoln, NE",GOODSYN62,plot,2,2,2218,2,48,770,4143,37.4,
2014,University of Nebraska,YldQtl-Val_2014_Lincoln,"Yield QTL Validation, Yield QTL Validation,",CRD,"Lincoln, NE",GOODSYN72,plot,2,11,2301,11,41,787,4573,46.46,
2014,University of Nebraska,YldQtl-Val_2014_Lincoln,"Yield QTL Validation, Yield QTL Validation,",CRD,"Lincoln, NE",GOODSYN8,plot,2,12,2312,12,42,781,4802,46.46,
2014,University of Nebraska,YldQtl-Val_2014_Lincoln,"Yield QTL Validation, Yield QTL Validation,",CRD,"Lincoln, NE",GOODSYN80,plot,2,11,2302,11,42,790,4479,47.24,
2014,University of Nebraska,YldQtl-Val_2014_Lincoln,"Yield QTL Validation, Yield QTL Validation,",CRD,"Lincoln, NE",GOODSYN82,plot,2,13,2322,13,42,802,4882,40.16,
2014,University of Nebraska,YldQtl-Val_2014_Lincoln,"Yield QTL Validation, Yield QTL Validation,",CRD,"Lincoln, NE",GOODSYN88,plot,2,13,2321,13,41,800,4862,43.31,
2014,University of Nebraska,YldQtl-Val_2014_Lincoln,"Yield QTL Validation, Yield QTL Validation,",CRD,"Lincoln, NE",HW_124,plot,2,6,2252,6,42,751,4990,36.22,
2014,University of Nebraska,YldQtl-Val_2014_Lincoln,"Yield QTL Validation, Yield QTL Validation,",CRD,"Lincoln, NE",HW_132,plot,2,6,2260,6,50,701,4331,36.61,
2014,University of Nebraska,YldQtl-Val_2014_Lincoln,"Yield QTL Validation, Yield QTL Validation,",CRD,"Lincoln, NE",HW_133,plot,2,6,2259,6,49,688,4048,32.68,
2014,University of Nebraska,YldQtl-Val_2014_Lincoln,"Yield QTL Validation, Yield QTL Validation,",CRD,"Lincoln, NE",HW_141,plot,2,7,2261,7,41,731,4243,32.28,
2014,University of Nebraska,YldQtl-Val_2014_Lincoln,"Yield QTL Validation, Yield QTL Validation,",CRD,"Lincoln, NE",HW_155,plot,2,7,2269,7,49,701,3658,39.37,
2014,University of Nebraska,YldQtl-Val_2014_Lincoln,"Yield QTL Validation, Yield QTL Validation,",CRD,"Lincoln, NE",HW_174,plot,2,6,2253,6,43,773,4472,32.68,
2014,University of Nebraska,YldQtl-Val_2014_Lincoln,"Yield QTL Validation, Yield QTL Validation,",CRD,"Lincoln, NE",HW_175,plot,2,7,2266,7,46,721,3894,35.04,
2014,University of Nebraska,YldQtl-Val_2014_Lincoln,"Yield QTL Validation, Yield QTL Validation,",CRD,"Lincoln, NE",HW_182,plot,2,7,2268,7,48,729,4755,36.61,
2014,University of Nebraska,YldQtl-Val_2014_Lincoln,"Yield QTL Validation, Yield QTL Validation,",CRD,"Lincoln, NE",HW_237,plot,2,6,2256,6,46,745,4970,34.65,
2014,University of Nebraska,YldQtl-Val_2014_Lincoln,"Yield QTL Validation, Yield QTL Validation,",CRD,"Lincoln, NE",HW_240,plot,2,7,2263,7,43,763,4876,34.65,
2014,University of Nebraska,YldQtl-Val_2014_Lincoln,"Yield QTL Validation, Yield QTL Validation,",CRD,"Lincoln, NE",HW_246,plot,2,7,2262,7,42,739,4734,38.58,
2014,University of Nebraska,YldQtl-Val_2014_Lincoln,"Yield QTL Validation, Yield QTL Validation,",CRD,"Lincoln, NE",HW_256,plot,2,7,2270,7,50,711,4459,33.07,
2014,University of Nebraska,YldQtl-Val_2014_Lincoln,"Yield QTL Validation, Yield QTL Validation,",CRD,"Lincoln, NE",HW_261,plot,2,6,2254,6,44,725,4526,34.65,
2014,University of Nebraska,YldQtl-Val_2014_Lincoln,"Yield QTL Validation, Yield QTL Validation,",CRD,"Lincoln, NE",HW_266,plot,2,6,2257,6,47,737,4412,33.86,
2014,University of Nebraska,YldQtl-Val_2014_Lincoln,"Yield QTL Validation, Yield QTL Validation,",CRD,"Lincoln, NE",HW_267,plot,2,7,2267,7,47,692,4075,38.58,
2014,University of Nebraska,YldQtl-Val_2014_Lincoln,"Yield QTL Validation, Yield QTL Validation,",CRD,"Lincoln, NE",HW_29,plot,2,7,2265,7,45,702,3349,39.37,
2014,University of Nebraska,YldQtl-Val_2014_Lincoln,"Yield QTL Validation, Yield QTL Validation,",CRD,"Lincoln, NE",HW_37,plot,2,6,2258,6,48,731,4136,32.28,
2014,University of Nebraska,YldQtl-Val_2014_Lincoln,"Yield QTL Validation, Yield QTL Validation,",CRD,"Lincoln, NE",HW_44,plot,2,6,2255,6,45,778,5353,34.65,
2014,University of Nebraska,YldQtl-Val_2014_Lincoln,"Yield QTL Validation, Yield QTL Validation,",CRD,"Lincoln, NE",HW_83,plot,2,7,2264,7,44,682,2925,40.16,
2014,University of Nebraska,YldQtl-Val_2014_Lincoln,"Yield QTL Validation, Yield QTL Validation,",CRD,"Lincoln, NE",HW_98,plot,2,6,2251,6,41,770,5299,33.46,
2014,University of Nebraska,YldQtl-Val_2014_Lincoln,"Yield QTL Validation, Yield QTL Validation,",CRD,"Lincoln, NE",NE06545,plot,2,17,2366,17,46,748,5138,35.04,
2014,University of Nebraska,YldQtl-Val_2014_Lincoln,"Yield QTL Validation, Yield QTL Validation,",CRD,"Lincoln, NE",NE12568,plot,2,20,2396,20,46,750,3457,35.43,
2014,University of Nebraska,YldQtl-Val_2014_Lincoln,"Yield QTL Validation, Yield QTL Validation,",CRD,"Lincoln, NE",NE12571,plot,2,20,2395,20,45,792,5508,37.4,
2014,University of Nebraska,YldQtl-Val_2014_Lincoln,"Yield QTL Validation, Yield QTL Validation,",CRD,"Lincoln, NE",NE13407,plot,2,12,2314,12,44,782,4627,33.46,
2014,University of Nebraska,YldQtl-Val_2014_Lincoln,"Yield QTL Validation, Yield QTL Validation,",CRD,"Lincoln, NE",NE13412,plot,2,5,2241,5,41,798,4089,35.83,
2014,University of Nebraska,YldQtl-Val_2014_Lincoln,"Yield QTL Validation, Yield QTL Validation,",CRD,"Lincoln, NE",NE13417,plot,2,12,2313,12,43,779,3342,37.01,
2014,University of Nebraska,YldQtl-Val_2014_Lincoln,"Yield QTL Validation, Yield QTL Validation,",CRD,"Lincoln, NE",NE13441,plot,2,3,2226,3,46,759,4862,34.65,
2014,University of Nebraska,YldQtl-Val_2014_Lincoln,"Yield QTL Validation, Yield QTL Validation,",CRD,"Lincoln, NE",NE13449,plot,2,20,2391,20,41,757,5528,33.46,
2014,University of Nebraska,YldQtl-Val_2014_Lincoln,"Yield QTL Validation, Yield QTL Validation,",CRD,"Lincoln, NE",NE13470,plot,2,12,2318,12,48,756,5319,34.25,
2014,University of Nebraska,YldQtl-Val_2014_Lincoln,"Yield QTL Validation, Yield QTL Validation,",CRD,"Lincoln, NE",NE13498,plot,2,8,2273,8,43,798,5050,37.4,
2014,University of Nebraska,YldQtl-Val_2014_Lincoln,"Yield QTL Validation, Yield QTL Validation,",CRD,"Lincoln, NE",NE13510,plot,2,12,2317,12,47,772,5030,34.65,
2014,University of Nebraska,YldQtl-Val_2014_Lincoln,"Yield QTL Validation, Yield QTL Validation,",CRD,"Lincoln, NE",NE13522,plot,2,2,2212,2,42,789,5010,35.43,
2014,University of Nebraska,YldQtl-Val_2014_Lincoln,"Yield QTL Validation, Yield QTL Validation,",CRD,"Lincoln, NE",NE13556,plot,2,2,2215,2,45,776,4015,40.16,
2014,University of Nebraska,YldQtl-Val_2014_Lincoln,"Yield QTL Validation, Yield QTL Validation,",CRD,"Lincoln, NE",NE13571,plot,2,8,2274,8,44,753,4452,40.55,
2014,University of Nebraska,YldQtl-Val_2014_Lincoln,"Yield QTL Validation, Yield QTL Validation,",CRD,"Lincoln, NE",NE13589,plot,2,5,2249,5,49,780,4660,39.37,
2014,University of Nebraska,YldQtl-Val_2014_Lincoln,"Yield QTL Validation, Yield QTL Validation,",CRD,"Lincoln, NE",NE13593,plot,2,16,2353,16,43,780,5057,39.37,
2014,University of Nebraska,YldQtl-Val_2014_Lincoln,"Yield QTL Validation, Yield QTL Validation,",CRD,"Lincoln, NE",NE13607,plot,2,19,2382,19,42,735,4647,37.8,
2014,University of Nebraska,YldQtl-Val_2014_Lincoln,"Yield QTL Validation, Yield QTL Validation,",CRD,"Lincoln, NE",NE13625,plot,2,8,2280,8,50,784,5232,38.58,
2014,University of Nebraska,YldQtl-Val_2014_Lincoln,"Yield QTL Validation, Yield QTL Validation,",CRD,"Lincoln, NE",NE13627,plot,2,2,2216,2,46,753,4331,33.46,
2014,University of Nebraska,YldQtl-Val_2014_Lincoln,"Yield QTL Validation, Yield QTL Validation,",CRD,"Lincoln, NE",NE13628,plot,2,20,2392,20,42,784,5151,37.4,
2014,University of Nebraska,YldQtl-Val_2014_Lincoln,"Yield QTL Validation, Yield QTL Validation,",CRD,"Lincoln, NE",NE13630,plot,2,5,2242,5,42,733,4977,33.46,
2014,University of Nebraska,YldQtl-Val_2014_Lincoln,"Yield QTL Validation, Yield QTL Validation,",CRD,"Lincoln, NE",NE13637,plot,2,19,2381,19,41,749,5319,37.4,
2014,University of Nebraska,YldQtl-Val_2014_Lincoln,"Yield QTL Validation, Yield QTL Validation,",CRD,"Lincoln, NE",NE13638,plot,2,3,2225,3,45,715,3658,35.43,
2014,University of Nebraska,YldQtl-Val_2014_Lincoln,"Yield QTL Validation, Yield QTL Validation,",CRD,"Lincoln, NE",NE13639,plot,2,2,2211,2,41,770,4970,38.58,
2014,University of Nebraska,YldQtl-Val_2014_Lincoln,"Yield QTL Validation, Yield QTL Validation,",CRD,"Lincoln, NE",NE13655,plot,2,9,2290,9,50,705,1917,41.34,
2014,University of Nebraska,YldQtl-Val_2014_Lincoln,"Yield QTL Validation, Yield QTL Validation,",CRD,"Lincoln, NE",NE13660,plot,2,9,2289,9,49,725,3376,34.65,
2014,University of Nebraska,YldQtl-Val_2014_Lincoln,"Yield QTL Validation, Yield QTL Validation,",CRD,"Lincoln, NE",NE13680,plot,2,16,2354,16,44,783,5044,41.34,
2014,University of Nebraska,YldQtl-Val_2014_Lincoln,"Yield QTL Validation, Yield QTL Validation,",CRD,"Lincoln, NE",NE13695,plot,2,8,2279,8,49,747,4479,44.09,
2014,University of Nebraska,YldQtl-Val_2014_Lincoln,"Yield QTL Validation, Yield QTL Validation,",CRD,"Lincoln, NE",NE13697,plot,2,5,2248,5,48,760,4022,37.01,
2014,University of Nebraska,YldQtl-Val_2014_Lincoln,"Yield QTL Validation, Yield QTL Validation,",CRD,"Lincoln, NE",NE13698,plot,2,5,2247,5,47,765,4788,37.01,
2014,University of Nebraska,YldQtl-Val_2014_Lincoln,"Yield QTL Validation, Yield QTL Validation,",CRD,"Lincoln, NE",NE13700,plot,2,5,2250,5,50,764,4365,40.16,
2014,University of Nebraska,YldQtl-Val_2014_Lincoln,"Yield QTL Validation, Yield QTL Validation,",CRD,"Lincoln, NE",NH13415,plot,2,1,2205,1,45,795,4479,33.86,
2014,University of Nebraska,YldQtl-Val_2014_Lincoln,"Yield QTL Validation, Yield QTL Validation,",CRD,"Lincoln, NE",NH13606,plot,2,1,2206,1,46,749,3443,35.43,
2014,University of Nebraska,YldQtl-Val_2014_Lincoln,"Yield QTL Validation, Yield QTL Validation,",CRD,"Lincoln, NE",NH13692,plot,2,18,2371,18,41,741,3591,43.31,
2014,University of Nebraska,YldQtl-Val_2014_Lincoln,"Yield QTL Validation, Yield QTL Validation,",CRD,"Lincoln, NE",NH13693,plot,2,18,2372,18,42,730,4297,42.52,
2014,University of Nebraska,YldQtl-Val_2014_Lincoln,"Yield QTL Validation, Yield QTL Validation,",CRD,"Lincoln, NE",NW13455,plot,2,17,2362,17,42,758,4741,37.4,
2014,University of Nebraska,YldQtl-Val_2014_Lincoln,"Yield QTL Validation, Yield QTL Validation,",CRD,"Lincoln, NE",NW13457,plot,2,13,2324,13,44,774,4425,35.43,
2014,University of Nebraska,YldQtl-Val_2014_Lincoln,"Yield QTL Validation, Yield QTL Validation,",CRD,"Lincoln, NE",NW13499,plot,2,8,2271,8,41,801,5178,40.16,
2014,University of Nebraska,YldQtl-Val_2014_Lincoln,"Yield QTL Validation, Yield QTL Validation,",CRD,"Lincoln, NE",NW13502,plot,2,2,2214,2,44,787,4950,36.61,
2014,University of Nebraska,YldQtl-Val_2014_Lincoln,"Yield QTL Validation, Yield QTL Validation,",CRD,"Lincoln, NE",NW13516,plot,2,20,2393,20,43,761,5441,33.07,
2014,University of Nebraska,YldQtl-Val_2014_Lincoln,"Yield QTL Validation, Yield QTL Validation,",CRD,"Lincoln, NE",NW13526,plot,2,17,2361,17,41,777,4647,35.43,
2014,University of Nebraska,YldQtl-Val_2014_Lincoln,"Yield QTL Validation, Yield QTL Validation,",CRD,"Lincoln, NE",NW13536,plot,2,17,2367,17,47,779,4607,30.31,
2014,University of Nebraska,YldQtl-Val_2014_Lincoln,"Yield QTL Validation, Yield QTL Validation,",CRD,"Lincoln, NE",NW13559,plot,2,12,2315,12,45,727,4620,35.43,
2014,University of Nebraska,YldQtl-Val_2014_Lincoln,"Yield QTL Validation, Yield QTL Validation,",CRD,"Lincoln, NE",NW13563,plot,2,20,2394,20,44,763,5037,37.01,
2014,University of Nebraska,YldQtl-Val_2014_Lincoln,"Yield QTL Validation, Yield QTL Validation,",CRD,"Lincoln, NE",NW13572,plot,2,8,2272,8,42,772,4882,41.34,
2014,University of Nebraska,YldQtl-Val_2014_Lincoln,"Yield QTL Validation, Yield QTL Validation,",CRD,"Lincoln, NE",NW13575,plot,2,2,2213,2,43,785,4667,35.43,
2014,University of Nebraska,YldQtl-Val_2014_Lincoln,"Yield QTL Validation, Yield QTL Validation,",CRD,"Lincoln, NE",NW13596,plot,2,12,2316,12,46,752,5360,38.98,
2014,University of Nebraska,YldQtl-Val_2014_Lincoln,"Yield QTL Validation, Yield QTL Validation,",CRD,"Lincoln, NE",NW13615,plot,2,13,2323,13,43,735,4365,34.65,
2014,University of Nebraska,YldQtl-Val_2014_Lincoln,"Yield QTL Validation, Yield QTL Validation,",CRD,"Lincoln, NE",NW13652,plot,2,19,2384,19,44,778,5145,39.37,
2014,University of Nebraska,YldQtl-Val_2014_Lincoln,"Yield QTL Validation, Yield QTL Validation,",CRD,"Lincoln, NE",NW13666,plot,2,17,2368,17,48,743,3652,28.35,
2014,University of Nebraska,YldQtl-Val_2014_Lincoln,"Yield QTL Validation, Yield QTL Validation,",CRD,"Lincoln, NE",NW13669,plot,2,19,2383,19,43,751,5077,38.58,
2014,University of Nebraska,YldQtl-Val_2014_Lincoln,"Yield QTL Validation, Yield QTL Validation,",CRD,"Lincoln, NE",TX1112_10,plot,2,22,3215,22,45,806,5084,35.43,
2014,University of Nebraska,YldQtl-Val_2014_Lincoln,"Yield QTL Validation, Yield QTL Validation,",CRD,"Lincoln, NE",TX1112_105,plot,2,22,3212,22,42,813,4378,36.22,
2014,University of Nebraska,YldQtl-Val_2014_Lincoln,"Yield QTL Validation, Yield QTL Validation,",CRD,"Lincoln, NE",TX1112_108,plot,2,21,3210,21,50,797,4808,33.07,
2014,University of Nebraska,YldQtl-Val_2014_Lincoln,"Yield QTL Validation, Yield QTL Validation,",CRD,"Lincoln, NE",TX1112_11,plot,2,22,3218,22,48,797,4492,31.5,
2014,University of Nebraska,YldQtl-Val_2014_Lincoln,"Yield QTL Validation, Yield QTL Validation,",CRD,"Lincoln, NE",TX1112_111,plot,2,22,3219,22,49,756,5151,36.22,
2014,University of Nebraska,YldQtl-Val_2014_Lincoln,"Yield QTL Validation, Yield QTL Validation,",CRD,"Lincoln, NE",TX1112_112,plot,2,21,3201,21,41,829,4539,36.22,
2014,University of Nebraska,YldQtl-Val_2014_Lincoln,"Yield QTL Validation, Yield QTL Validation,",CRD,"Lincoln, NE",TX1112_113,plot,2,22,3213,22,43,796,4748,29.92,
2014,University of Nebraska,YldQtl-Val_2014_Lincoln,"Yield QTL Validation, Yield QTL Validation,",CRD,"Lincoln, NE",TX1112_115,plot,2,22,3216,22,46,798,4156,32.28,
2014,University of Nebraska,YldQtl-Val_2014_Lincoln,"Yield QTL Validation, Yield QTL Validation,",CRD,"Lincoln, NE",TX1112_119,plot,2,22,3214,22,44,801,4560,35.43,
2014,University of Nebraska,YldQtl-Val_2014_Lincoln,"Yield QTL Validation, Yield QTL Validation,",CRD,"Lincoln, NE",TX1112_122,plot,2,21,3202,21,42,795,4687,31.5,
2014,University of Nebraska,YldQtl-Val_2014_Lincoln,"Yield QTL Validation, Yield QTL Validation,",CRD,"Lincoln, NE",TX1112_123,plot,2,21,3203,21,43,808,3901,35.43,
2014,University of Nebraska,YldQtl-Val_2014_Lincoln,"Yield QTL Validation, Yield QTL Validation,",CRD,"Lincoln, NE",TX1112_124,plot,2,22,3211,22,41,797,5003,31.5,
2014,University of Nebraska,YldQtl-Val_2014_Lincoln,"Yield QTL Validation, Yield QTL Validation,",CRD,"Lincoln, NE",TX1112_46,plot,2,21,3206,21,46,798,4311,29.13,
2014,University of Nebraska,YldQtl-Val_2014_Lincoln,"Yield QTL Validation, Yield QTL Validation,",CRD,"Lincoln, NE",TX1112_48,plot,2,21,3209,21,49,791,4580,32.28,
2014,University of Nebraska,YldQtl-Val_2014_Lincoln,"Yield QTL Validation, Yield QTL Validation,",CRD,"Lincoln, NE",TX1112_52,plot,2,22,3220,22,50,769,4997,33.86,
2014,University of Nebraska,YldQtl-Val_2014_Lincoln,"Yield QTL Validation, Yield QTL Validation,",CRD,"Lincoln, NE",TX1112_63,plot,2,21,3207,21,47,785,4425,33.86,
2014,University of Nebraska,YldQtl-Val_2014_Lincoln,"Yield QTL Validation, Yield QTL Validation,",CRD,"Lincoln, NE",TX1112_65,plot,2,21,3208,21,48,792,4418,34.65,
2014,University of Nebraska,YldQtl-Val_2014_Lincoln,"Yield QTL Validation, Yield QTL Validation,",CRD,"Lincoln, NE",TX1112_67,plot,2,21,3204,21,44,817,4499,37.01,
2014,University of Nebraska,YldQtl-Val_2014_Lincoln,"Yield QTL Validation, Yield QTL Validation,",CRD,"Lincoln, NE",TX1112_69,plot,2,21,3205,21,45,787,4600,36.22,
2014,University of Nebraska,YldQtl-Val_2014_Lincoln,"Yield QTL Validation, Yield QTL Validation,",CRD,"Lincoln, NE",TX1112_87,plot,2,22,3217,22,47,792,4365,31.5,